STOCKCODE,NAME_ENG,NAME_CHI,BOARD_LOT
0001,CKH HOLDINGS,長和,500
0002,CLP HOLDINGS,中電控股,500
0003,HK & CHINA GAS,香港中華煤氣,"1,000"
0004,WHARF HOLDINGS,九龍倉集團,"1,000"
0005,HSBC HOLDINGS,匯豐控股,400
0006,POWER ASSETS,電能實業,500
0007,HOIFU ENERGY,凱富能源,"2,000"
0008,PCCW,電訊盈科,"1,000"
0009,NINE EXPRESS,九號運通,"6,000"
0010,HANG LUNG GROUP,痗弦偎,"1,000"
0011,HANG SENG BANK,琤芼行,100
0012,HENDERSON LAND,痚穧a產,"1,000"
0014,HYSAN DEV,希慎興業,"1,000"
0015,VANTAGE INT'L,盈信控股,"2,000"
0016,SHK PPT,新鴻基地產,"1,000"
0017,NEW WORLD DEV,新世界發展,"1,000"
0018,ORIENTAL PRESS,東方報業集團,"2,000"
0019,SWIRE PACIFIC A,太古股份公司Ａ,500
0020,WHEELOCK,會德豐,"1,000"
0021,GREAT CHI PPT,大中華地產控股,"5,000"
0022,MEXAN,茂盛控股,"40,000"
0023,BANK OF E ASIA,東亞銀行,200
0024,BURWILL,寶威控股,"2,000"
0025,CHEVALIER INT'L,CHEVALIER INT'L,"2,000"
0026,CHINA MOTOR BUS,中華汽車,200
0027,GALAXY ENT,銀河娛樂,"1,000"
0028,TIAN AN,天安,"1,000"
0029,DYNAMIC HOLD,達力集團,"2,000"
0030,BAN LOONG HOLD,萬隆控股集團,"2,000"
0031,CHINA AEROSPACE,航天控股,"2,000"
0032,CROSS-HAR(HOLD),港通控股,"1,000"
0033,ASIA INV FIN,亞投金融集團,"2,000"
0034,KOWLOON DEV,九龍建業,"1,000"
0035,FE CONSORT INTL,遠東發展,"1,000"
0036,FE HLDGS INTL,遠東控股國際,"3,000"
0037,FE HOTELS,遠東酒店實業,"2,000"
0038,FIRST TRACTOR,第一拖拉機股份,"2,000"
0039,CH BEIDAHUANG,中國北大荒,"8,000"
0040,GOLD PEAK,金山工業,"1,000"
0041,GREAT EAGLE H,鷹君,"1,000"
0042,NE ELECTRIC,東北電氣,"2,000"
0043,C.P. POKPHAND,卜蜂國際,"2,000"
0044,HAECO,香港飛機工程,400
0045,HK&S HOTELS,大酒店,500
0046,COMPUTER & TECH,科聯系統,"2,000"
0047,HOP HING GROUP,合興集團,"4,000"
0048,C AUTO INT DECO,中國汽車內飾,"10,000"
0050,HK FERRY (HOLD),香港小輪（集團）,"1,000"
0051,HARBOUR CENTRE,海港企業,"1,000"
0052,FAIRWOOD HOLD,FAIRWOOD HOLD,500
0053,GUOCO GROUP,國浩集團,"1,000"
0054,HOPEWELL HOLD,合和實業,500
0055,NEWAY GROUP,中星集團控股,"10,000"
0056,ALLIED PPT (HK),聯合地產（香港）,"2,000"
0057,CHEN HSONG HOLD,震雄集團,"2,000"
0058,SUNWAY INT'L,新威國際,"20,000"
0059,SKYFAME REALTY,天譽置業,"2,000"
0060,HK FOOD INV,香港食品投資,"2,000"
0061,GREEN LEADER,綠領控股,"10,000"
0062,TRANSPORT INT'L,載通,400
0063,CHINA GRAPHENE,中國烯谷集團,"1,000"
0064,GET NICE,結好控股,"2,000"
0065,GRAND OCEAN AR,弘海高新資源,"4,000"
0066,MTR CORPORATION,港鐵公司,500
0067,LUMENA NEWMAT,旭光高新材料,"2,000"
0068,LEE HING,利興發展,"1,000"
0069,SHANGRI-LA ASIA,香格里拉（亞洲）,"2,000"
0070,RICH GOLDMAN,金粵控股,"10,000"
0071,MIRAMAR HOTEL,美麗華酒店,"1,000"
0072,MODERN MEDIA,現代傳播,"2,000"
0073,ASIAN CITRUS,亞洲果業,"1,000"
0075,Y.T. REALTY,渝太地產,"2,000"
0076,SOUTH SEA PETRO,南海石油,"4,000"
0077,AMS TRANSPORT,進智公共交通,"2,000"
0078,REGAL INT'L,REGAL INT'L,"2,000"
0079,CENTURY LEGEND,世紀建業,"4,000"
0081,CH OVS G OCEANS,中國海外宏洋集團,"1,000"
0082,V1 GROUP,第一視頻,"2,000"
0083,SINO LAND,信和置業,"2,000"
0084,STELUX HOLDINGS,寶光實業,"1,000"
0085,CE HUADA TECH,中電華大科技,"2,000"
0086,SUN HUNG KAI CO,新鴻基公司,"1,000"
0087,SWIRE PACIFIC B,太古股份公司Ｂ,"2,500"
0088,TAI CHEUNG HOLD,TAI CHEUNG HOLD,"1,000"
0089,TAI SANG LAND,大生地產,"1,000"
0090,AMBER ENERGY,琥珀能源,"2,000"
0091,INT'L STD RES,標準資源控股,"25,000"
0092,CHAMPION TECH,CHAMPION TECH,"2,000"
0093,TERMBRAY IND,TERMBRAY IND,"2,000"
0094,GREENHEART GP,綠心集團,"2,000"
0095,LVGEM CHINA,綠景中國地產,"4,000"
0096,YUSEI,ＹＵＳＥＩ,"2,000"
0097,HENDERSON INV,痚繺o展,"1,000"
0098,XINGFA ALUM,興發鋁業,"1,000"
0099,WONG'S INT'L,王氏國際,"1,000"
0100,CLEAR MEDIA,白馬戶外媒體,"1,000"
0101,HANG LUNG PPT,痗岫a產,"1,000"
0102,SUMMIT ASCENT,凱升控股,"2,000"
0103,SHOUGANG CENT,首長寶佳,"2,000"
0104,ASIA COMM HOLD,ASIA COMM HOLD,"5,000"
0105,ASSO INT HOTELS,凱聯國際酒店,"2,000"
0106,LANDSEA PPT,朗詩綠色地產,"4,000"
0107,SICHUAN EXPRESS,四川成渝高速公路,"2,000"
0108,GR PROPERTIES,國銳地產,"2,000"
0109,GOODRESOURCES,天成國際,"10,000"
0110,CHINA FORTUNE,中國長遠,"2,000"
0111,CINDA INTL HLDG,信達國際控股,"2,000"
0112,LT COMM REALEST,勒泰商業地產,"2,000"
0113,DICKSON CONCEPT,迪生創建,500
0114,HERALD HOLD,HERALD HOLD,"5,000"
0115,GRAND FIELD GP,鈞濠集團,"10,000"
0116,CHOW SANG SANG,周生生,"1,000"
0117,TIANLI HOLDINGS,天利控股集團,"2,000"
0118,COSMOS MACH,大同機械,"2,000"
0119,POLY PROPERTY,保利置業集團,"1,000"
0120,COSMOPOL INT'L,COSMOPOL INT'L,"20,000"
0121,C.P. LOTUS,卜蜂蓮花,"10,000"
0122,CROCODILE,鱷魚恤,"1,000"
0123,YUEXIU PROPERTY,越秀地產,"2,000"
0124,GD LAND,粵海置地,"2,000"
0125,SUN HING VISION,新興光學,"2,000"
0126,CARRIANNA,佳寧娜,"2,000"
0127,CHINESE EST H,華人置業,500
0128,ENM HOLDINGS,安寧控股,"4,000"
0129,ASIA STANDARD,泛海集團,"2,000"
0130,MOISELLE INT'L,慕詩國際,"2,000"
0131,CHEUK NANG HOLD,卓能（集團）,"1,000"
0132,CHINA INV HOLD,中國興業控股,"1,000"
0135,KUNLUN ENERGY,昆侖能源,"2,000"
0136,HENGTEN NET,矬侉舋,"4,000"
0137,JINHUI HOLDINGS,金輝集團,"1,000"
0138,CCT FORTIS,中建富通,"2,000"
0139,CH SOFT POWER,中國軟實力,"14,000"
0141,GREAT CHINA,大中華集團,"2,000"
0142,FIRST PACIFIC,第一太平,"2,000"
0143,GUOAN INTL,國安國際,"2,000"
0144,CHINA MER PORT,招商局港口,"2,000"
0145,HK BLDG & LOAN,香港建屋貸款,"8,000"
0146,TAI PING CARPET,TAI PING CARPET,"1,000"
0147,IB SETTLEMENT,國際商業結算,"5,000"
0148,KINGBOARD CHEM,建滔化工,500
0149,CH AGRI-PROD EX,中國農產品交易,"5,000"
0151,WANT WANT CHINA,中國旺旺,"1,000"
0152,SHENZHEN INT'L,深圳國際,500
0153,CHINA SAITE,中國賽特,"2,000"
0154,BE ENVIRONMENT,北京控股環境集團,"1,000"
0155,CHINA SOLAR,中國源暢,"10,000"
0156,LIPPO CHINA RES,力寶華潤,"10,000"
0157,NATURAL BEAUTY,自然美,"10,000"
0158,MELBOURNE ENT,萬邦投資,500
0159,BROCKMAN MINING,布萊克萬礦業,"4,000"
0160,HON KWOK LAND,漢國置業,"2,000"
0161,AVIC IHL,中航國際控股,"2,000"
0162,CENTURY GINWA,世紀金花,"2,000"
0163,EMPEROR INT'L,英皇國際,"2,000"
0164,CHINA BAOLI TEC,中國寶力科技,"25,000"
0165,CHINA EB LTD,中國光大控股,"2,000"
0166,NEWTIMES ENERGY,新時代能源,"2,000"
0167,IDT INT'L,IDT INT'L,"2,000"
0168,TSINGTAO BREW,青島啤酒股份,"2,000"
0169,WANDA HOTEL DEV,萬達酒店發展,"1,000"
0171,SILVER GRANT,銀建國際,"2,000"
0172,GOLDBOND GROUP,金榜集團,"10,000"
0173,K. WAH INT'L,嘉華國際,"1,000"
0174,GEMINI INV,盛洋投資,"2,000"
0175,GEELY AUTO,吉利汽車,"1,000"
0176,SUPERACTIVE GP,先機企業集團,"2,000"
0177,JIANGSU EXPRESS,江蘇寧滬高速公路,"2,000"
0178,SA SA INT'L,莎莎國際,"2,000"
0179,JOHNSON ELEC H,德昌電機控股,500
0180,KADER HOLDINGS,開達集團,"2,000"
0181,FUJIAN HOLDINGS,閩港控股,"20,000"
0182,CONCORD NE,協合新能源,"10,000"
0183,WINFULL GP,宏輝集團,"8,000"
0184,KECK SENG INV,激成投資,"2,000"
0185,ZH INT'L HOLD,正痚篕痡悸,"10,000"
0186,GRANDE HOLDINGS,GRANDE HOLDINGS,"30,000"
0187,JINGCHENG MAC,京城機電股份,"2,000"
0188,SUNWAH KINGSWAY,新華匯富金融,"10,000"
0189,DONGYUE GROUP,東岳集團,"1,000"
0190,HKC (HOLDINGS),香港建設（控股）,"1,000"
0191,LAI SUN INT'L,麗新國際,"1,000"
0193,CAPITAL ESTATE,冠中地產,"15,000"
0194,LIU CHONG HING,廖創興企業,"2,000"
0195,L'SEA RESOURCES,利海資源,"10,000"
0196,HONGHUA GROUP,宏華集團,"1,000"
0197,HENG TAI,亨泰,"5,000"
0198,SMI HOLDINGS,星美控股,"4,000"
0199,ITC PROPERTIES,德祥地產,"1,000"
0200,MELCO INT'L DEV,新濠國際發展,"1,000"
0201,MAGNIFICENT,華大酒店,"2,000"
0202,EVERCHINA INT'L,潤中國際控股,"5,000"
0205,SEEC MEDIA,財訊傳媒,"20,000"
0206,TSC GROUP,ＴＳＣ集團,"1,000"
0207,JOY CITY PPT,大悅城地產,"2,000"
0208,POLYTEC ASSET,保利達資產,"5,000"
0209,WINSHINE SCI,瀛晟科學,"4,000"
0210,DAPHNE INT'L,達芙妮國際,"2,000"
0211,STYLAND HOLD,STYLAND HOLD,"10,000"
0212,NANYANG HOLD,NANYANG HOLD,500
0213,NATIONAL ELEC H,NATIONAL ELEC H,"2,000"
0214,ASIA ORIENT,匯漢控股,"2,000"
0215,HUTCHTEL HK,和記電訊香港,"2,000"
0216,CHINNEY INV,建業實業,"4,000"
0217,CHINA CHENGTONG,中國誠通發展集團,"2,000"
0218,SHENWANHONGYUAN,申萬宏源,"5,000"
0219,SHUNHO PROPERTY,順豪物業,"2,000"
0220,U-PRESID CHINA,統一企業中國,"1,000"
0221,EASY ONE FIN,易易壹金融,"10,000"
0222,MIN XIN HOLD,閩信集團,"2,000"
0223,ELIFE HLDGS,易生活控股,"2,000"
0224,PIONEER GLOBAL,建生國際,"4,000"
0225,POKFULAM,博富臨置業,"2,000"
0226,LIPPO,力寶,"1,000"
0227,FIRST SHANGHAI,第一上海,"8,000"
0228,CHINA ENERGY,中能控股,"2,000"
0229,RAYMOND IND,利民實業,"1,000"
0230,MINMETALS LAND,五礦地產,"2,000"
0231,PING AN SEC GP,平安證券集團控股,"20,000"
0232,AVIC INT'L,中國航空工業國際,"2,000"
0233,MY MEDICARE,銘源醫療,"10,000"
0234,NEW CENTURY GP,新世紀集團,"8,000"
0235,CHINA STRATEGIC,中策集團,"5,000"
0236,SAN MIGUEL HK,香港生力啤,"2,000"
0237,SAFETY GODOWN,安全貨倉,"2,000"
0238,EVERGREEN INT,長興國際,"1,000"
0239,PAK FAH YEOW,白花油,"2,500"
0240,BUILD KING HOLD,利基控股,"10,000"
0241,ALI HEALTH,阿里健康,"2,000"
0242,SHUN TAK HOLD,信德集團,"2,000"
0243,QPL INT'L,QPL INT'L,"9,000"
0244,SINCERE,先施,"1,000"
0245,CN MINSHENG FIN,中國民生金融,"10,000"
0246,REALGOLD MINING,瑞金礦業,500
0247,TST PROPERTIES,TST PROPERTIES,"2,000"
0248,HKC INT'L HOLD,香港通訊國際控股,"4,000"
0250,SINO-I TECH,中國數碼信息,"10,000"
0251,SEA HOLDINGS,爪哇控股,"2,000"
0252,SE ASIA PPT,華信地產財務,"2,000"
0253,SHUNHO HOLDINGS,順豪控股,"2,000"
0254,NUR HOLDINGS,國家聯合資源,"10,000"
0255,LUNG KEE,龍記集團,"2,000"
0256,CITYCHAMP,冠城鐘錶珠寶,"2,000"
0257,CHINA EB INT'L,中國光大國際,"1,000"
0258,TOMSON GROUP,湯臣集團,"2,000"
0259,YEEBO (INT'L H),億都（國際控股）,"2,000"
0260,AVIC JOY HLDG,幸福控股,"10,000"
0261,CCT LAND,中建置地,"80,000"
0262,DESON DEV INT'L,迪臣發展國際,"5,000"
0263,GT GROUP HLDG,高富集團控股,"4,000"
0264,ASCENT INT'L,中璽國際,"4,000"
0265,ORIENT VICTORY,東勝旅遊,"10,000"
0266,TIAN TECK LAND,天德地產,"2,000"
0267,CITIC,中信股份,"1,000"
0268,KINGDEE INT'L,金蝶國際,"2,000"
0269,CRTG,中國資源交通,"5,000"
0270,GUANGDONG INV,粵海投資,"2,000"
0271,ASIASEC PPT,亞證地產,"1,000"
0272,SHUI ON LAND,瑞安房地產,500
0273,MASON GP HOLD,茂宸集團,"20,000"
0274,C BILLION RES,中富資源,"40,000"
0275,MASTER GLORY GP,凱華集團,"10,000"
0276,MONGOLIA ENERGY,蒙古能源,"3,000"
0277,TERN PROPERTIES,太興置業,"2,000"
0278,WAH HA REALTY,華廈置業,"2,000"
0279,FREEMAN FINTECH,民眾金融科技,"20,000"
0280,KING FOOK HOLD,景福集團,"2,000"
0281,RIVERA (HOLD),川河集團,"2,000"
0282,NEXT DIGITAL,壹傳媒,"2,000"
0285,BYD ELECTRONIC,比亞迪電子,500
0286,CS HEALTH,同佳健康,"2,000"
0287,WINFAIR INV,永發置業,"2,000"
0288,WH GROUP,萬洲國際,500
0289,WING ON CO,WING ON CO,"1,000"
0290,C FORTUNE FIN,中國富強金融,"2,000"
0291,CHINA RES BEER,華潤啤酒,"2,000"
0292,ASIA STD HOTEL,泛海酒店,"10,000"
0293,CATHAY PAC AIR,國泰航空,"1,000"
0294,YANGTZEKIANG,長江製衣,"1,000"
0295,KONG SUN HOLD,江山控股,"25,000"
0296,EMPEROR E HOTEL,英皇娛樂酒店,"5,000"
0297,SINOFERT,中化化肥,"2,000"
0298,CHUANG'S CHINA,莊士中國,"10,000"
0299,NEW SPORTS,新體育,"10,000"
0300,KUNMING MACHINE,昆明機床,"2,000"
0303,VTECH HOLDINGS,VTECH HOLDINGS,100
0305,WULING MOTORS,五菱汽車,"10,000"
0306,KWOON CHUNG BUS,冠忠巴士集團,"2,000"
0307,UP ENERGY DEV,優派能源發展,"2,000"
0308,CHINA TRAVEL HK,香港中旅,"2,000"
0309,XH NEWS MEDIA,新華通訊頻媒,"1,000"
0311,LUEN THAI,聯泰控股,"1,000"
0312,SHIRBLE STORE,歲寶百貨,"2,000"
0313,RICHLY FIELD,裕田中國,"50,000"
0315,SMARTONE TELE,數碼通電訊,500
0316,OOIL,東方海外國際,500
0317,COMEC,中船防務,"2,000"
0318,VONGROUP,黃河實業,"5,000"
0320,COMPUTIME,金寶通,"2,000"
0321,TEXWINCA HOLD,德永佳集團,"2,000"
0322,TINGYI,康師傅控股,"2,000"
0323,MAANSHAN IRON,馬鞍山鋼鐵股份,"2,000"
0326,CHINA STAR ENT,中國星集團,"10,000"
0327,PAX GLOBAL,百富環球,"1,000"
0328,ALCO HOLDINGS,ALCO HOLDINGS,"2,000"
0329,OCI INTL,東建國際,"4,000"
0330,ESPRIT HOLDINGS,思捷環球,100
0331,FSE ENGINEERING,豐盛機電,"1,000"
0332,YUANHENG GAS,元亨燃氣,"4,000"
0333,TOP FORM INT'L,黛麗斯國際,"2,000"
0334,CH DISPLAY OPT,華顯光電,"8,000"
0335,UPBEST GROUP,美建集團,"2,000"
0336,HUABAO INTL,華寶國際,"1,000"
0337,GREENLAND HK,綠地香港,"1,000"
0338,SHANGHAI PECHEM,上海石油化工股份,"2,000"
0340,CHINA MINING,中國礦業,"2,000"
0341,CAFE DE CORAL H,大家樂集團,"2,000"
0342,NEWOCEAN ENERGY,新海能源,"2,000"
0343,CULTURECOM HOLD,文化傳信,"5,000"
0345,VITASOY INT'L,VITASOY INT'L,"2,000"
0346,YANCHANG PETRO,延長石油國際,"10,000"
0347,ANGANG STEEL,鞍鋼股份,"2,000"
0348,CHINAHEALTHWISE,中國智能健康,"2,000"
0351,ASIA ENERGY LOG,亞洲能源物流,"10,000"
0352,FORTUNE SUN,富陽,"2,000"
0353,ENERGY INTINV,能源國際投資,"20,000"
0354,CHINASOFT INT'L,中國軟件國際,"2,000"
0355,CENTURY C INT'L,世紀城市國際,"4,000"
0357,HNA INFRA,航基股份,"1,000"
0358,JIANGXI COPPER,江西銅業股份,"1,000"
0359,HAISHENG JUICE,海升果汁,"4,000"
0360,NEW FOCUS AUTO,新焦點,"4,000"
0361,SINO GOLF HOLD,順龍控股,"20,000"
0362,C ZENITH CHEM,中國天化工,"10,000"
0363,SHANGHAI IND H,上海實業控股,"1,000"
0364,PING SHAN TEA,坪山茶業,"4,000"
0365,UNIS HOLDINGS,紫光控股,"2,000"
0366,LUKS GROUP (VN),陸氏集團（越南）,"2,000"
0367,CHUANG'S INT'L,莊士機構國際,"4,000"
0368,SINOTRANS SHIP,中外運航運,500
0369,WING TAI PPT,永泰地產,"2,000"
0370,CHINA BEST,國華,"20,000"
0371,BJ ENT WATER,北控水務集團,"2,000"
0372,PT INTL DEV,保德國際發展,"2,000"
0373,ALLIED GROUP,聯合集團,"2,000"
0374,FOUR SEAS MER,四洲集團,"2,000"
0375,YGM TRADING,YGM TRADING,"1,000"
0376,YUNFENG FIN,雲鋒金融,"2,000"
0377,HUAJUN HOLD,華君控股,"4,000"
0378,FDG KINETIC,五龍動力,"2,000"
0379,EG LEASING,盚鰱譫穄硫,"10,000"
0380,SOFTPOWER INT,冠力國際,"4,000"
0381,KIU HUNG INT'L,僑雄國際,"10,000"
0382,WELLING HOLDING,威靈控股,"2,000"
0383,CHINA MED&HCARE,中國醫療網絡,"10,000"
0384,CHINA GAS HOLD,中國燃氣,"2,000"
0385,CHINNEY ALLI,建聯集團,"2,000"
0386,SINOPEC CORP,中國石油化工股份,"2,000"
0387,LEEPORT(HOLD),力豐（集團）,"4,000"
0388,HKEX,香港交易所,100
0389,TONTINE WINES,通天酒業,"2,000"
0390,CHINA RAILWAY,中國中鐵,"1,000"
0391,MEI AH ENTER,美亞娛樂資訊,"20,000"
0392,BEIJING ENT,北京控股,500
0393,GLORIOUS SUN,旭日企業,"4,000"
0395,SMARTAC GP CH,中國智能集團,"8,000"
0396,HING LEE (HK),興利（香港）控股,"2,000"
0397,JUN YANG FIN,君陽金融,"10,000"
0398,ORIENTAL WATCH,東方表行集團,"2,000"
0399,INNOVATIVE PHAR,領航醫藥生物科技,"5,000"
0400,COGOBUY,科通芯城,"1,000"
0401,WANJIA GROUP,萬嘉集團,"5,000"
0402,PEACEMAP HOLD,天下圖控股,"20,000"
0403,STARLITE HOLD,星光集團,"2,000"
0404,HSIN CHONG GP,新昌集團控股,"2,000"
0406,YAU LEE HOLD,有利集團,"2,000"
0408,YIP'S CHEMICAL,葉氏化工集團,"2,000"
0410,SOHO CHINA,ＳＯＨＯ中國,500
0411,LAM SOON (HK),南順（香港）,"1,000"
0412,CHINA SDHS FIN,中國山東高速金融,"6,000"
0413,SC HOLDINGS,南華集團控股,"8,000"
0416,BANKOFJINZHOU,錦州銀行,"1,000"
0417,TSE SUI LUEN,謝瑞麟,"2,000"
0418,FOUNDER HOLD,方正控股,"2,000"
0419,HUAYI TENCENT,華誼騰訊娛樂,"10,000"
0420,FOUNTAIN SET,福田實業,"2,000"
0422,VMEP HOLDINGS,越南製造加工出口,"1,000"
0423,HKET HOLDINGS,經濟日報集團,"2,000"
0425,MINTH GROUP,敏實集團,"2,000"
0426,ONE MEDIA GROUP,萬華媒體,"2,000"
0430,ORIENTAL EXPL,東方網庫,"2,000"
0431,G CHINA FIN,大中華金融,"4,000"
0432,PCPD,盈大地產,"1,000"
0433,NORTH MINING,北方礦業,"10,000"
0434,BOYAA,博雅互動,"1,000"
0436,NU ENVIRO,新宇環保,"20,000"
0438,IRICO NEWENERGY,彩虹新能源,"2,000"
0439,KUANGCHI,光啟科學,"1,000"
0440,DAH SING,大新金融,400
0442,KTL INT'L,KTL INT'L,"1,000"
0444,SINCEREWATCH HK,SINCEREWATCH HK,"10,000"
0445,CHINA FIRE,中國消防,"5,000"
0449,CHIGO HOLDING,志高控股,"2,000"
0450,HUNG HING PRINT,鴻興印刷集團,"2,000"
0451,GCL NEWENERGY,協鑫新能源,"2,000"
0455,TIANDA PHARMA,天大藥業,"2,000"
0456,NEW CITY DEV,新城市建設發展,"20,000"
0458,TRISTATE HOLD,聯亞集團,"1,000"
0459,MIDLAND IC&I,美聯工商舖,"10,000"
0460,SIHUAN PHARM,四環醫藥,"1,000"
0462,NATURAL DAIRY,天然乳品,"4,000"
0464,KENFORD GROUP,建福集團,"4,000"
0465,FUTONG TECH,富通科技,"2,000"
0467,UNITEDENERGY GP,聯合能源集團,"2,000"
0468,GAPACK,紛美包裝,"1,000"
0469,CAPXON INT'L,凱普松國際,"4,000"
0471,CMMB VISION,中播控股,"4,000"
0472,NEW SILKROAD,新絲路文旅,"10,000"
0474,HAO TIAN DEV,昊天發展集團,"6,000"
0475,ZHONG FA ZHAN,中發展控股,"2,000"
0476,CH DYNAMICS,中國動力控股,"10,000"
0479,CIL HOLDINGS,華建控股,"20,000"
0480,HKR INT'L,香港興業國際,800
0482,SANDMARTIN INTL,聖馬丁國際,"2,000"
0483,BAUHAUS INT'L,包浩斯國際,"2,000"
0484,FORGAME,雲遊控股,100
0485,CHINASINOSTAR,中國華星,"20,000"
0486,RUSAL,RUSAL,"1,000"
0487,SUCCESSUNIVERSE,實德環球,"4,000"
0488,LAI SUN DEV,麗新發展,300
0489,DONGFENG GROUP,東風集團股份,"2,000"
0491,EMPEROR CULTURE,英皇文化產業,"20,000"
0493,GOME RETAIL,國美零售,"1,000"
0494,LI & FUNG,利豐,"2,000"
0495,PALADIN,PALADIN,"5,000"
0496,KASEN,卡森國際,"1,000"
0497,CSI PROPERTIES,資本策略地產,"10,000"
0498,PYI CORP,保華集團,"2,000"
0499,QINGDAO HLDGS,青島控股,"2,000"
0500,FRONTIER SER,先豐服務集團,"1,000"
0503,LANSEN PHARMA,朗生醫藥,"1,000"
0505,HUAN YUE INTER,歡悅互娛,"1,000"
0506,CHINA FOODS,中國食品,"2,000"
0508,DINGYI GP INV,鼎億集團投資,"5,000"
0509,SUNSHINE,世紀陽光,"5,000"
0510,CASH FIN SER GP,時富金融服務集團,"6,000"
0511,TVB,電視廣播,100
0512,CHINAGRANDPHARM,遠大醫藥,"4,000"
0513,CONTINENTAL H,恆和集團,"10,000"
0515,TC ORI LIGHT,達進東方照明,"2,000"
0517,COSCO SHIP INTL,中遠海運國際,"2,000"
0518,TUNGTEX (HOLD),同得仕（集團）,"2,000"
0519,APPLIED DEV,實力建業,"5,000"
0520,XIABUXIABU,呷哺呷哺,500
0521,HNA HOLDING,海航實業股份,"10,000"
0522,ASM PACIFIC,ASM PACIFIC,100
0524,E-KONG GROUP,E-KONG GROUP,"10,000"
0525,GUANGSHEN RAIL,廣深鐵路股份,"2,000"
0526,LISI GP HOLD,利時集團控股,"2,000"
0527,RUIFENG RENEW,瑞風新能源,"4,000"
0528,KINGDOM HOLDING,金達控股,"2,000"
0529,SIS INT'L,SIS INT'L,"2,000"
0530,GOLDIN FIN HOLD,高銀金融,"2,000"
0531,SAMSON HOLDING,順誠,"1,000"
0532,WKK INTL (HOLD),WKK INTL (HOLD),"2,000"
0533,GOLDLION HOLD,金利來集團,"1,000"
0535,GEMDALE PPT,金地商置,"2,000"
0536,TRADELINK,貿易通,"2,000"
0538,AJISEN (CHINA),味千（中國）,"1,000"
0539,VICTORY CITY,冠華國際控股,"2,000"
0540,SPEEDY GLOBAL,迅捷環球控股,"4,000"
0542,CENERIC,新嶺域集團,"8,000"
0543,PACIFIC ONLINE,太平洋網絡,"1,000"
0544,DAIDO GROUP,大同集團,"20,000"
0546,FUFENG GROUP,阜豐集團,"1,000"
0547,DIGITAL DOMAIN,數字王國,"10,000"
0548,SHENZHENEXPRESS,深圳高速公路股份,"2,000"
0550,KK CULTURE,KK文化,"2,000"
0551,YUE YUEN IND,裕元集團,500
0552,CHINACOMSERVICE,中國通信服務,"2,000"
0553,NANJING PANDA,南京熊貓電子股份,"2,000"
0554,HANS ENERGY,漢思能源,"2,000"
0555,REXLOT HOLDINGS,御泰中彩控股,"25,000"
0556,PAN ASIA ENVIRO,泛亞環保,"2,000"
0557,CITY E-SOLUTION,CITY E-SOLUTION,"2,000"
0558,LK TECH,力勁科技,"2,500"
0559,DETAI NEWENERGY,德泰新能源集團,"10,000"
0560,CHU KONG SHIP,珠江船務,"2,000"
0563,SH IND URBAN,上實城市開發,"2,000"
0564,ZMJ,鄭煤機,200
0565,ART GROUP HOLD,錦藝集團控股,"5,000"
0566,HANERGY TFP,漢能薄膜發電,"2,000"
0567,DAISHOMICROLINE,大昌微?集團,"2,000"
0568,SHANDONG MOLONG,山東墨龍,400
0569,CH AUTOMATION,中國自動化,"1,000"
0570,TRAD CHI MED,中國中藥,"2,000"
0571,ESUN HOLDINGS,豐德麗控股,"2,000"
0572,FUTURE WORLD FH,未來世界金融,"4,000"
0573,TAO HEUNG HLDGS,稻香控股,"1,000"
0574,PASHUN INT'L,百信國際,"2,000"
0575,REGENT PACIFIC,勵晶太平洋,"10,000"
0576,ZHEJIANGEXPRESS,浙江滬杭甬,"2,000"
0577,THE 13 HOLDINGS,十三集團,500
0578,ROSAN RES,融信資源,"10,000"
0579,JNCEC,京能清潔能源,"2,000"
0580,SUN.KING ELEC,賽晶電力電子,"2,000"
0581,CHINA ORIENTAL,中國東方集團,"2,000"
0582,LANDING INTL,藍鼎國際,"60,000"
0583,GWPA HOLDINGS,長城環亞控股,"2,000"
0585,IMAGI INT'L,意馬國際,"8,000"
0586,CONCH VENTURE,海螺創業,500
0587,HUA HAN HEALTH,華瀚健康,"4,000"
0588,BEIJING N STAR,北京北辰實業股份,"2,000"
0589,PORTICO INT'L,寶國國際,500
0590,LUK FOOK HOLD,六福集團,"1,000"
0591,C HIGHPRECISION,中國高精密,"1,000"
0592,BOSSINI INT'L,BOSSINI INT'L,"2,000"
0593,DREAMEAST,夢東方,500
0595,AV CONCEPT HOLD,AV CONCEPT HOLD,"2,000"
0596,INSPUR INT'L,浪潮國際,"2,000"
0598,SINOTRANS,中國外運,"1,000"
0599,E. BON HOLDINGS,怡邦行控股,"4,000"
0600,CHINA INFRA INV,中國基建投資,"2,000"
0601,GROUP SENSE,權智（國際）,"10,000"
0602,JIAHUA STORES H,佳華百貨控股,"2,500"
0603,CHINA OIL & GAS,中油燃氣,"20,000"
0604,SHENZHEN INVEST,深圳控股,"2,000"
0605,C FIN SERVICES,中國金融投資管理,"2,000"
0606,CHINA AGRI,中國糧油控股,"1,000"
0607,FULLSHARE,豐盛控股,"2,500"
0608,HIGH FASHION,達利國際,"2,000"
0609,TIANDE CHEMICAL,天德化工,"4,000"
0610,WAI KEE HOLD,WAI KEE HOLD,"2,000"
0611,CNE TECH CORP,中國核能科技,"2,000"
0613,YUGANG INT'L,YUGANG INT'L,"2,000"
0616,EMINENCE ENT,高山企業,"5,000"
0617,PALIBURG HOLD,百利保控股,"2,000"
0618,PKU RESOURCES,北大資源,"2,000"
0619,SOUTH CHINA FIN,南華金融,"50,000"
0620,DTXS SILK ROAD,大唐西市,"2,000"
0621,TAUNG GOLD,壇金礦業,"10,000"
0622,ENERCHINA HOLD,威華達控股,"3,000"
0623,SINOMEDIA,中視金橋,"1,000"
0626,PUBLIC FIN HOLD,大眾金融控股,"2,000"
0627,U-RIGHT INT'L,佑威國際,"20,000"
0628,GOME FIN TECH,國美金融科技,"2,000"
0629,YUE DA MINING,悅達礦業,"1,000"
0630,AMCO UNITED,雋泰控股,"10,000"
0631,SANY INT'L,三一國際,"1,000"
0632,PEARLORIENT OIL,東方明珠石油,"1,000"
0633,CH ALL ACCESS,中國全通,"2,000"
0635,PLAYMATES,彩星集團,"2,000"
0636,KERRY LOG NET,嘉里物流,500
0637,LEE KEE,利記,"2,000"
0638,KIN YAT HOLD,建溢集團,"2,000"
0639,SHOUGANG RES,首鋼資源,"2,000"
0640,INFINITY DEV,星謙發展,"4,000"
0641,CHTC FONG'S,琱悒葖H,"2,000"
0643,CARRY WEALTH,恆富控股,"10,000"
0645,ARES ASIA,安域亞洲,"2,000"
0646,CHINA ENV TEC,中國環保科技,"8,000"
0647,JOYCE BOUTIQUE,JOYCE BOUTIQUE,"2,000"
0648,WAH YAN HEALTH,中國華仁醫療,"2,500"
0650,IDG ENERGY,ＩＤＧ能源,"2,000"
0651,CHI OCEAN IND,中海重工,"5,000"
0653,BONJOUR HOLD,卓悅控股,"2,000"
0655,HK CHINESE LTD,香港華人有限公司,"2,000"
0656,FOSUN INTL,復星國際,500
0657,G-VISION INT'L,環科國際,"2,000"
0658,C TRANSMISSION,中國高速傳動,"1,000"
0659,NWS HOLDINGS,新創建集團,"1,000"
0660,WAI CHUN MINING,偉俊礦業集團,"10,000"
0661,CDAYENONFER,中國大冶有色金屬,"2,000"
0662,ASIA FINANCIAL,亞洲金融,"2,000"
0663,KING STONE ENGY,金山能源,"1,000"
0665,HAITONG INT'L,海通國際,"1,000"
0668,DOYEN INTL HOLD,東銀國際控股,"2,000"
0669,TECHTRONIC IND,創科實業,500
0670,CHINA EAST AIR,中國東方航空股份,"2,000"
0672,ZHONGAN REALEST,眾安房產,"1,000"
0673,CHINA HEALTH,中國衛生集團,"3,000"
0674,CHINA TANGSHANG,中國唐商,"4,000"
0675,K & P INT'L,堅寶國際,"2,000"
0676,PEGASUS INT'L,創信國際,"2,000"
0677,GOLDEN RES DEV,金源米業,"2,000"
0678,GENTING HK,雲頂香港,"1,000"
0679,ASIA TELE-NET,亞洲聯網科技,"10,000"
0680,NAN HAI CORP,南海控股,"50,000"
0681,CHI PEOPLE HOLD,中民控股,"2,000"
0682,CHAODA MODERN,超大現代,"2,000"
0683,KERRY PPT,嘉里建設,500
0684,ALLAN INT'L,亞倫國際,"2,000"
0685,MEDIA CHINESE,世界華文媒體,"1,000"
0686,PANDA GREEN,熊貓綠能,"2,000"
0687,HKICIM GROUP,香港國際建投,"2,000"
0688,CHINA OVERSEAS,中國海外發展,"2,000"
0689,EPI (HOLDINGS),長盈集團（控股）,"15,000"
0690,UNI-BIO GROUP,聯康生物科技集團,"20,000"
0691,SHANSHUI CEMENT,山水水泥,"1,000"
0692,CHINA HOUSEHOLD,中國家居,"5,000"
0693,TAN CHONG INT'L,陳唱國際,"3,000"
0694,BEIJING AIRPORT,北京首都機場股份,"2,000"
0695,DONGWU CEMENT,東吳水泥,"2,000"
0696,TRAVELSKY TECH,中國民航信息網絡,"1,000"
0697,SHOUGANG INT'L,SHOUGANG INT'L,"2,000"
0698,TONGDA GROUP,通達集團,"10,000"
0699,CAR INC,神州租車,"1,000"
0700,TENCENT,騰訊控股,100
0701,CNT GROUP,CNT GROUP,"2,000"
0702,SINO OIL & GAS,中國油氣控股,"5,000"
0703,FUTURE BRIGHT,FUTURE BRIGHT,"6,000"
0704,HUSCOKE RES,和嘉資源,"10,000"
0705,DINGHE MINING,鼎和礦業,"12,000"
0706,BEAUTI C HOLD,美麗中國控股,"10,000"
0707,CO-PROSPERITY,協盛協豐,"2,000"
0708,EVERG HEALTH,琱j健康,"5,000"
0709,GIORDANO INT'L,佐丹奴國際,"2,000"
0710,BOE VARITRONIX,京東方精電,"1,000"
0711,ASIA ALLIED INF,亞洲聯合基建控股,"2,000"
0712,COMTEC SOLAR,卡姆丹克太陽能,"2,000"
0713,WORLD HOUSEWARE,世界（集團）,"2,000"
0715,CHINA OCEANWIDE,中泛控股,"2,000"
0716,SINGAMAS CONT,勝獅貨櫃,"2,000"
0717,EMPEROR CAPITAL,英皇證券,"6,000"
0718,TAI UNITED HOLD,太和控股,"5,000"
0719,SHANDONG XINHUA,山東新華製藥股份,"2,000"
0720,AUTO ITALIA,意達利控股,"25,000"
0722,UMP,聯合醫務,"2,000"
0723,SUSTAIN FOREST,永保林業,"60,000"
0724,RUIXIN INT'L,瑞鑫國際集團,"10,000"
0725,PERENNIAL INT'L,恆都集團,"2,000"
0726,CM DRAWIN TECH,中民築友科技,"20,000"
0727,CROWNICORP,皇冠環球集團,"2,000"
0728,CHINA TELECOM,中國電信,"2,000"
0729,FDG EVEHICLES,五龍電動車,"5,000"
0730,SHOUGANG GRAND,SHOUGANG GRAND,"1,000"
0731,SAMSON PAPER,森信紙業集團,"2,000"
0732,TRULY INT'L,信利國際,"2,000"
0733,HOPEFLUENT,合富輝煌,"2,000"
0735,CP CLEAN ENERGY,中國電力清潔能源,500
0736,CHINA PPT INV,中國置業投資,"3,000"
0737,HOPEWELL INFR,合和公路基建,500
0738,LE SAUNDA,萊爾斯丹,"2,000"
0743,ASIA CEMENT CH,亞洲水泥（中國）,500
0745,CN CULTURE GP,中國國家文化產業,"10,000"
0746,L & M CHEMICAL,理文化工,"2,000"
0747,SHENYANG PUBLIC,瀋陽公用發展股份,"2,000"
0750,SINGYES SOLAR,興業太陽能,"1,000"
0751,SKYWORTHDIGITAL,創維數碼,"2,000"
0752,PICO FAR EAST,PICO FAR EAST,"2,000"
0753,AIR CHINA,中國國航,"2,000"
0754,HOPSON DEV HOLD,合生創展集團,"2,000"
0755,SHANGHAI ZENDAI,上海証大,"5,000"
0756,TIANYI SUMMI,天溢森美,"4,000"
0757,SOLARGIGA,陽光能源,"1,000"
0758,JUNEFIELD GROUP,JUNEFIELD GROUP,"2,000"
0759,CEC INT'L HOLD,CEC INT'L HOLD,"2,000"
0760,TALENT PPT GP,新天地產集團,"15,000"
0761,BEL GLOBAL RES,百營環球資源,"2,000"
0762,CHINA UNICOM,中國聯通,"2,000"
0763,ZTE,中興通訊,200
0764,ETERNITY INV,永痤曳,"10,000"
0765,PERFECTECH INTL,PERFECTECH INTL,"2,000"
0766,SINO PROSPER GP,中盈集團控股,"5,000"
0767,PACIFIC PLYWOOD,PACIFIC PLYWOOD,"40,000"
0769,CHINA RAREEARTH,中國稀土,"2,000"
0771,AUTOMATED SYS,自動系統,"2,000"
0775,CKLIFE SCIENCES,長江生命科技,"2,000"
0776,IMPERIUM GP,帝國集團環球控股,"1,000"
0777,NETDRAGON,網龍,500
0787,GLOBAL BRANDS,利標品牌,"2,000"
0789,PRIMEVIEW HLDG,領視控股,"20,000"
0794,COME SURE GROUP,錦勝集團（控股）,"2,000"
0798,CEOVU,中電光谷,"4,000"
0799,IGG,IGG,"1,000"
0800,A8 NEW MEDIA,Ａ８新媒體,"2,000"
0801,GOLDEN MEDITECH,金衛醫療,"4,000"
0802,CHINA E-WALLET,中國錢包,"10,000"
0803,PROSPERITY INTL,昌興國際,"20,000"
0804,PINESTONE,鼎石資本,"5,000"
0805,GLENCORE-S,GLENCORE-S,100
0806,VALUE PARTNERS,惠理集團,"1,000"
0809,GLOBAL BIO-CHEM,大成生化科技,"2,000"
0811,XINHUA WINSHARE,新華文軒,"1,000"
0812,SWSI,西證國際證券,"2,000"
0813,SHIMAO PROPERTY,世茂房地產,500
0814,JINGKELONG,北京京客隆,"1,000"
0815,CHI SILVER GP,中國白銀集團,"2,000"
0816,HUADIAN FUXIN,華電福新,"2,000"
0817,CHINA JINMAO,中國金茂,"2,000"
0818,HI SUN TECH,高陽科技,"3,000"
0819,TIANNENG POWER,天能動力,"2,000"
0821,VC HOLDINGS,匯盈控股,"4,000"
0822,KA SHUI INT'L,嘉瑞國際,"2,000"
0825,NWDS CHINA,新世界百貨中國,"1,000"
0826,TIANGONG INT'L,天工國際,"2,000"
0827,KO YO GROUP,玖源集團,"4,000"
0828,DYNASTY WINES,王朝酒業,"2,000"
0829,SHENGUAN HLDGS,神冠控股,"2,000"
0830,FAR EAST GLOBAL,遠東環球,"2,000"
0831,CR ASIA,利亞零售,"2,000"
0832,CENTRAL CHINA,建業地產,"1,000"
0833,ALLTRONICS,華訊,"1,000"
0834,KANGDA FOOD,康大食品,"4,000"
0835,ASIA COAL,亞洲煤業,"10,000"
0836,CHINA RES POWER,華潤電力,"2,000"
0837,CARPENTER TAN,譚木匠,"2,000"
0838,EVA HOLDINGS,億和控股,"2,000"
0840,TIANYE WATER,天業節水,"2,000"
0841,CASSAVA RES,木薯資源,"2,000"
0842,LEOCH INT'L,理士國際,"1,000"
0844,GREATIME INTL,廣泰國際控股,"4,000"
0845,GLORIOUS PPT H,痦惘a產,"1,000"
0846,MINGFA GROUP,明發集團,"1,000"
0847,KAZ MINERALS-S,哈薩克礦業—Ｓ,30
0848,MAOYE INT'L,茂業國際,"1,000"
0850,TOURONG CHANGFU,投融長富,"4,000"
0851,SHENG YUAN HLDG,盛源控股,"10,000"
0852,STRONG PETRO,海峽石油化工,"2,000"
0853,MICROPORT,微創醫療,"1,000"
0854,WILLAS-ARRAY,威雅利,"1,000"
0855,CHINA WATER,中國水務,"2,000"
0856,VSTECS,偉仕佳杰,"2,000"
0857,PETROCHINA,中國石油股份,"2,000"
0858,EXTRAWELL PHAR,精優藥業,"10,000"
0859,HENRY GROUP,鎮科集團,"2,000"
0860,O LUXE HOLD,奧立仕控股,"12,000"
0861,DC HOLDINGS,神州控股,"1,000"
0862,VISION VALUES,遠見控股,"20,000"
0863,BRANDINGCHINA,品牌中國,"2,000"
0864,WING LEE PPT,永利地產發展,"4,000"
0865,JIANDE INT'L,建德國際控股,"4,000"
0866,CHINA QINFA,中國秦發,"2,000"
0867,CMS,康哲藥業,"1,000"
0868,XINYI GLASS,信義玻璃,"2,000"
0869,PLAYMATES TOYS,彩星玩具,"4,000"
0871,CH DREDG ENV,中國疏浚環保,"1,000"
0872,TUS INTL,啟迪國際,"2,000"
0873,C TAIFENG BED,中國泰豐床品,"2,000"
0874,BAIYUNSHAN PH,白雲山,"2,000"
0875,CHINA FIN INV,中國金控,"20,000"
0876,MEGA MEDICAL,美加醫學,"10,000"
0877,O-NET TECH GP,昂納科技集團,"1,000"
0878,SOUNDWILL HOLD,金朝陽集團,500
0880,SJM HOLDINGS,澳博控股,"1,000"
0881,ZHONGSHENG HLDG,中升控股,500
0882,TIANJIN DEV,天津發展,"2,000"
0883,CNOOC,中國海洋石油,"1,000"
0884,CIFI HOLD GP,旭輝控股集團,"2,000"
0885,RENTIAN TECH,仁天科技控股,"10,000"
0886,SILVER BASE,銀基集團,"3,000"
0887,EMPEROR WATCH&J,英皇鐘錶珠寶,"10,000"
0888,ROADSHOW,路訊通,"2,000"
0889,DATRONIX HOLD,連達科技控股,"2,000"
0891,TRINITY,利邦,"2,000"
0893,CHINAVTM MINING,中國鐵鈦,"1,000"
0894,MAN YUE TECH,萬裕科技,"2,000"
0895,DONGJIANG ENV,東江環保,200
0896,HANISON,興勝創建,"2,000"
0897,WAI YUEN TONG,位元堂,"5,000"
0898,MULTIFIELD INTL,萬事昌國際,"2,000"
0899,ASIA RESOURCES,亞洲資源,"10,000"
0900,AEON CREDIT,AEON CREDIT,"2,000"
0902,HUANENG POWER,華能國際電力股份,"2,000"
0903,TPV TECHNOLOGY,冠捷科技,"2,000"
0904,CHINA GREEN,中綠,"4,000"
0906,COFCO PACKAGING,中糧包裝,"1,000"
0907,ELEGANCEOPTICAL,高雅光學,"2,000"
0908,ZHUHAI H INV,珠海控股投資,"2,000"
0909,ZHONGDA INT'L,中大國際,"2,000"
0910,CHINA SANDI,中國三迪,"12,000"
0911,QIANHAI HEALTH,前海健康,"10,000"
0912,SUGA INT'L,信佳國際,"2,000"
0914,CONCH CEMENT,海螺水泥,500
0915,DAOHE GLOBAL,道和環球,"1,000"
0916,CHINA LONGYUAN,龍源電力,"1,000"
0918,STATE EN ASSETS,國能國際資產,"2,000"
0919,MODERN BEAUTY,現代美容,"4,000"
0921,HISENSE KELON,海信科龍,"1,000"
0922,ANXIANYUAN CH,安賢園中國,"20,000"
0923,IWS,綜合環保集團,"2,000"
0925,BJ PROPERTIES,北京建設,"2,000"
0926,BESUNYEN,碧生源,"1,000"
0927,FUJIKON IND,富士高實業,"2,000"
0928,LIFE HEALTHCARE,蓮和醫療,"20,000"
0929,IPE GROUP,國際精密,"5,000"
0931,CHINA LNG,中國天然氣,"2,000"
0932,RM GROUP,御藥堂,"4,000"
0933,BRIGHTOIL,光匯石油,"1,000"
0934,SINOPEC KANTONS,中石化冠德,"2,000"
0935,DRAGON CROWN,龍翔集團,"2,000"
0936,EAGLE LEGEND,鵬程亞洲,"10,000"
0938,MAN SANG INT'L,民生國際,"2,000"
0939,CCB,建設銀行,"1,000"
0940,C ANIMAL HEALTH,中國動物保健品,"1,000"
0941,CHINA MOBILE,中國移動,500
0943,EFORCE HOLDINGS,意科控股,"8,000"
0945,MANULIFE-S,宏利金融—Ｓ,100
0947,MOBI DEV,摩比發展,"1,000"
0948,Z-OBEE,融達控股,"2,000"
0950,LEE'S PHARM,李氏大藥廠,500
0951,CHAOWEI POWER,超威動力,"1,000"
0952,OCEANWIDE FIN,中國泛海金融,"10,000"
0953,SHAW BROTHERS,邵氏兄弟控股,"2,000"
0954,CHANGMAO BIO,常茂生物,"4,000"
0956,CHINA SUNTIEN,新天綠色能源,"1,000"
0958,HN RENEWABLES,華能新能源,"2,000"
0959,AMAX INT HOLD,奧瑪仕國際,"2,000"
0960,LONGFOR PPT,龍湖地產,500
0963,BLOOMAGE BIOTEC,華熙生物科技,"2,500"
0966,CHINA TAIPING,中國太平,200
0967,SOUND GLOBAL,桑德國際,"1,000"
0968,XINYI SOLAR,信義光能,"2,000"
0969,HUA LIEN INT'L,華聯國際,"2,000"
0970,SPARKLE ROLL,耀萊集團,"8,000"
0973,L'OCCITANE,L'OCCITANE,250
0974,SKL,中國順客隆,"1,000"
0975,MONGOL MINING,MONGOL MINING,500
0976,CHIHO ENV,齊合環保,"2,000"
0978,CHI MER LAND,招商局置地,"2,000"
0979,GREEN ENERGY GP,綠色能源科技集團,"2,000"
0980,LIANHUA,聯華超市,"1,000"
0981,SMIC,中芯國際,500
0982,IONE HOLDINGS,卓智控股,"20,000"
0983,SOCAM DEV,瑞安建業,"2,000"
0984,AEON STORES,永旺,500
0985,CST GROUP,中譽集團,"8,000"
0986,CH ENV ENERGY,中國環保能源,"2,000"
0987,CH RENEW EN INV,中國再生能源投資,"2,000"
0988,LOUDONG GN RES,樓東俊安資源,"3,000"
0989,GROUND INTL DEV,廣澤國際發展,"5,000"
0990,THEME INT'L,榮暉國際,"10,000"
0991,DATANG POWER,大唐發電,"2,000"
0992,LENOVO GROUP,聯想集團,"2,000"
0993,HUARONG INT FIN,華融金控,"1,000"
0994,WIN WIN WAY,恆誠建築,"4,000"
0995,ANHUIEXPRESSWAY,安徽皖通高速公路,"2,000"
0996,CARNIVAL GROUP,嘉年華國際,"10,000"
0997,CHINLINK INTL,普匯中金國際,"5,000"
0998,CITIC BANK,中信銀行,"1,000"
0999,I.T,I.T,"2,000"
1000,BEIJING MEDIA,北青傳媒,500
1001,HK SH ALLIANCE,滬港聯合,"2,000"
1002,V.S. INT'L,威鋮國際,"4,000"
1003,HUANXI MEDIA,歡喜傳媒,"10,000"
1004,C SMARTERENERGY,中國智慧能源,"2,000"
1005,MATRIX HOLDINGS,MATRIX HOLDINGS,"2,000"
1006,CHANGSHOUHUA,長壽花食品,"1,000"
1007,DAQING DAIRY,大慶乳業,"1,000"
1008,BRILLIANT CIR,貴聯控股,"2,000"
1009,INT'L ENT,國際娛樂,"2,000"
1010,PACRAY INT'L,太睿國際控股,"2,000"
1011,NT PHARMA,泰凌醫藥,500
1013,WAI CHUN GROUP,偉俊集團控股,"2,000"
1019,CONVOY,康宏環球,"6,000"
1020,CYBERNAUT INT'L,賽伯樂國際控股,"4,000"
1021,MIDAS HLDGS-S,麥達斯控股—Ｓ,"1,000"
1022,FEIYU,飛魚科技,"1,500"
1023,SITOY GROUP,時代集團控股,"1,000"
1026,UNIVERSAL TECH,環球實業科技,"10,000"
1027,CH JICHENG-NEW,中國集成控股,"10,000"
1028,C.BANNER,千百度,"1,000"
1029,IRC,鐵貨,"2,000"
1030,FUTURE LAND,新城發展控股,"2,000"
1031,KINGSTON FIN,金利豐金融,"2,000"
1033,SINOPEC SSC,中石化油服,"2,000"
1035,BBI LIFE SCI,ＢＢＩ生命科學,"1,500"
1036,VANKE PPT OVS,萬科置業海外,"1,000"
1037,MAXNERVA TECH,雲智匯科技,"2,000"
1038,CKI HOLDINGS,長江基建集團,500
1039,FORTUNET E-COMM,鑫網易商,"1,000"
1041,LAMTEX HLDGS,林達控股,"10,000"
1043,COSLIGHT TECH,光宇國際集團科技,"2,000"
1044,HENGAN INT'L,琣w國際,500
1045,APT SATELLITE,亞太衛星,500
1046,UNI INTL FIN,寰宇國際金融,"5,000"
1047,NGAI HING HONG,毅興行,"2,000"
1048,YORKSHINE HLDGS,煜新控股,"1,000"
1049,CELESTIAL ASIA,時富投資,"6,000"
1050,KARRIE INT'L,嘉利國際,"2,000"
1051,G-RESOURCES,國際資源,"3,000"
1052,YUEXIUTRANSPORT,越秀交通基建,"2,000"
1053,CHONGQING IRON,重慶鋼鐵股份,"2,000"
1055,CHINA SOUTH AIR,中國南方航空股份,"2,000"
1057,ZHEJIANG SHIBAO,浙江世寶,"2,000"
1058,GUANGDONG TANN,粵海制革,"2,000"
1059,KANTONE HOLDING,看通集團,"3,000"
1060,ALI PICTURES,阿里影業,"10,000"
1061,ESSEX BIO-TECH,億勝生物科技,"1,000"
1063,SUNCORP TECH,新確科技,"10,000"
1064,ZHONG HUA INT'L,中華國際,"5,000"
1065,TIANJIN CAPITAL,天津創業環保股份,"2,000"
1066,WEIGAO GROUP,威高股份,"4,000"
1068,YURUN FOOD,雨潤食品,"1,000"
1069,CA LOW-CARBON,中國農林低碳,"20,000"
1070,TCL MULTIMEDIA,ＴＣＬ多媒體,"1,000"
1071,HUADIAN POWER,華電國際電力股份,"2,000"
1072,DONGFANG ELEC,東方電氣,200
1073,CHINA AGROTECH,浩倫農科,"2,000"
1075,CAPINFO,首都信息,"6,000"
1076,IMPERIAL PAC,博華太平洋,"20,000"
1079,PINE TECH,松景科技,"2,000"
1080,SHENGLI PIPE,勝利管道,"1,500"
1082,HK EDU INTL,香港教育國際,"8,000"
1083,TOWNGAS CHINA,港華燃氣,"1,000"
1085,HXTL,亨鑫科技,"2,000"
1086,GOODBABY INTL,好孩子國際,"1,000"
1087,INVESTECH HLDGS,威訊控股,"1,000"
1088,CHINA SHENHUA,中國神華,500
1089,LEYOU TECH H,樂遊科技控股,"5,000"
1090,DA MING INT'L,大明國際,"2,000"
1091,CITIC DAMENG,中信大錳,"1,000"
1093,CSPC PHARMA,石藥集團,"2,000"
1094,C P PROCUREMENT,中國公共採購,"8,000"
1096,SINO ENERGY INT,中能國際控股,"2,000"
1097,I-CABLE COMM,有線寬頻,"10,000"
1098,ROAD KING INFRA,ROAD KING INFRA,"1,000"
1099,SINOPHARM,國藥控股,400
1100,MAINLAND HOLD,飛達控股,"2,000"
1101,HUARONG ENERGY,華榮能源,"2,000"
1102,ENVIRO ENERGY,環能國際,"2,000"
1103,DASHENG AGR FIN,大生農業金融,"8,000"
1104,APAC RESOURCES,亞太資源,"20,000"
1105,SING TAO,星島,"2,000"
1106,SINO HAIJING,中國海景,"20,000"
1107,MODERN LAND,當代置業,"2,000"
1108,LUOYANG GLASS,洛陽玻璃股份,"2,000"
1109,CHINA RES LAND,華潤置地,"2,000"
1110,KINGWORLD,金活醫藥集團,"4,000"
1111,CHONG HING BANK,創興銀行,"1,000"
1112,H&H INTL HLDG,H&H國際控股,500
1113,CK ASSET,長實集團,500
1114,BRILLIANCE CHI,BRILLIANCE CHI,"2,000"
1115,TIBET WATER,西藏水資源,"1,000"
1116,MAYER HOLDINGS,MAYER HOLDINGS,"4,000"
1117,CH MODERN D,現代牧業,"1,000"
1118,GOLIK HOLDINGS,高力集團,"10,000"
1120,ARTS OPTICAL,雅視光學,"2,000"
1121,BAOFENGMODERN,寶峰時尚,"2,000"
1122,QINGLING MOTORS,慶鈴汽車股份,"2,000"
1123,CHINA-HK PHOTO,中港照相,"2,000"
1124,COASTAL GL,沿海家園,"2,000"
1125,LAI FUNG HOLD,麗豐控股,400
1126,DREAM INT'L,德林國際,"2,000"
1127,LION ROCK GROUP,獅子山集團,"4,000"
1128,WYNN MACAU,永利澳門,400
1129,WATER INDUSTRY,中國水業集團,"4,000"
1130,CHINA ENV RES,中國環境資源,"4,000"
1131,AGRITRADE RES,鴻寶資源,"5,000"
1132,ORANGE SKY G H,橙天嘉禾,"5,000"
1133,HARBIN ELECTRIC,哈爾濱電氣,"2,000"
1135,ASIA SATELLITE,ASIA SATELLITE,500
1136,TCC INT'L HOLD,台泥國際集團,"2,000"
1137,HKTV,香港電視,"1,000"
1138,COSCO SHIP ENGY,中遠海能,"2,000"
1139,VICTORY GROUP,華多利集團,"16,000"
1141,CMBC CAPITAL,民銀資本,"10,000"
1142,SIBERIAN MINING,西伯利亞礦業,"10,000"
1143,CH HCARE ENT,華夏健康產業,"4,000"
1145,COURAGE INV,勇利投資,"1,000"
1146,CH OUTFITTERS,中國服飾控股,"2,000"
1148,POWER XINCHEN,新晨動力,"1,000"
1149,ANXIN-CHINA,中國安芯,"4,000"
1150,MILAN STATION,米蘭站,"2,000"
1151,ELEC & ELTEK,依利安達,500
1152,INFINITY FIN,新融宇集團,"2,000"
1155,CENTRON TELECOM,星辰通信,"1,000"
1157,ZOOMLION,中聯重科,200
1159,STARLIGHT CUL,星光文化,500
1161,WATER OASIS GP,奧思集團,"2,000"
1164,CGN MINING,中廣核礦業,"5,000"
1165,SFCE,順風清潔能源,"2,000"
1166,SOLARTECH INT'L,星凱控股,"20,000"
1168,SINOLINK HOLD,百仕達控股,"2,000"
1169,HAIER ELEC,海爾電器,"1,000"
1170,KINGMAKER,信星集團,"2,000"
1171,YANZHOU COAL,兗州煤業股份,"2,000"
1172,MIDAS INT'L,勤達集團國際,"20,000"
1173,VEEKO INT'L,威高國際,"20,000"
1174,PACIFIC ANDES,太平洋恩利,"2,000"
1175,FRESH EXP,鮮馳達控股,"10,000"
1176,ZHUGUANG HOLD,珠光控股,"2,000"
1177,SINO BIOPHARM,中國生物製藥,"1,000"
1178,SHARE ECON GP,共享經濟集團,"10,000"
1180,PARADISE ENT,匯彩控股,"4,000"
1181,TANG PALACE,唐宮中國,"2,000"
1182,SUCCESS DRAGON,勝龍國際,"10,000"
1184,S.A.S. DRAGON,S.A.S. DRAGON,"2,000"
1185,CHINA ENERGINE,中國航天萬源,"2,000"
1186,CHINA RAIL CONS,中國鐵建,500
1187,HAN TANG INTL,漢唐國際控股,"2,000"
1188,HYBRID KINETIC,正道集團,"2,000"
1189,ROSEDALE HOTEL,珀麗酒店,"10,000"
1190,BOLINA,航標控股,"2,000"
1191,CHINA GEM HLDGS,中國中石控股,"20,000"
1192,TITAN PETROCHEM,泰山石化,"20,000"
1193,CHINA RES GAS,華潤燃氣,"2,000"
1194,MUNSUN CAPITAL,麥盛資本,"2,000"
1195,KINGWELL GROUP,京維集團,"4,000"
1196,REALORD GROUP,偉祿集團,"2,000"
1197,CHINA HENGSHI,中國琤,"2,000"
1198,ROYALE FURN,皇朝傢俬,"2,000"
1199,COSCO SHIP PORT,中遠海運港口,"2,000"
1200,MIDLAND HOLDING,美聯集團,"2,000"
1201,TESSON HOLDINGS,天臣控股,"3,000"
1202,CHENGDU PUTIAN,成都普天電纜股份,"2,000"
1203,GUANGNAN (HOLD),廣南（集團）,"2,000"
1205,CITIC RESOURCES,中信資源,"2,000"
1206,TECHNOVATOR,同方泰德,"2,000"
1207,SRE GROUP,上置集團,"2,000"
1208,MMG,五礦資源,"4,000"
1210,CHRISTINE,克莉絲汀,"2,000"
1211,BYD COMPANY,比亞迪股份,500
1212,LIFESTYLE INT'L,利福國際,500
1213,MOBICON GROUP,萬保剛集團,"2,000"
1215,KAI YUAN HLDGS,開源控股,"20,000"
1216,ZYBANK,中原銀行,"1,000"
1218,EASYKNIT INT'L,永義國際,"1,000"
1219,TENWOW INT'L,天喔國際,"1,000"
1220,ZHIDAO INT'L,志道國際,"30,000"
1221,SINO HOTELS,SINO HOTELS,"2,000"
1222,WANG ON GROUP,WANG ON GROUP,"20,000"
1223,SYMPHONY HOLD,新灃集團,"10,000"
1224,C C LAND,中渝置地,"1,000"
1225,LERADO FIN,隆成金融,"20,000"
1228,SUPERB SUMMIT,奇峰國際,"5,000"
1229,NAN NAN RES,南南資源,"2,000"
1230,YASHILI INT'L,雅士利國際,"1,000"
1231,NEWTON RES,新礦資源,"2,000"
1232,GW TIANDI,金輪天地控股,"2,000"
1233,TIMES PPT,時代地產,"1,000"
1234,CHINA LILANG,中國利郎,"1,000"
1235,TRAVEL EXPERT,專業旅運,"5,000"
1236,NATIONAL AGRI,國農控股,"2,000"
1237,CH ENV TECH&BIO,中科生物,"10,000"
1238,POWERLONG,寶龍地產,"1,000"
1239,TEAMWAY INTL GP,TEAMWAY INTL GP,"20,000"
1240,CNQC INT'L,青建國際,"2,500"
1241,SHUANGHUA H,雙樺控股,"2,000"
1243,WANG ON PPT,宏安地產,"4,000"
1245,NIRAKU,NIRAKU,"2,000"
1246,BOILLHEALTHCARE,保集健康,"20,000"
1247,MIKO INTL,米格國際控股,"2,000"
1249,TONLY ELEC,通力電子,"1,000"
1250,BE CLEAN ENERGY,北控清潔能源集團,"20,000"
1251,SPT ENERGY,華油能源,"2,000"
1252,CHINA TIANRUI,中國天瑞水泥,"1,000"
1253,GREENLAND BROAD,中國綠地博大綠澤,"4,000"
1255,S. CULTURE,港大零售,"2,000"
1257,CEB GREENTECH,中國光大綠色環保,"1,000"
1258,CHINFMINING,中國有色礦業,"1,000"
1259,CH CHILD CARE,中國兒童護理,"1,000"
1260,WONDERFUL SKY,皓天財經集團,"2,000"
1262,LABIXIAOXIN,蠟筆小新食品,"1,000"
1263,PC PARTNER,?能集團,"2,000"
1265,TIANJINJINRAN,天津津燃公用,"10,000"
1266,XIWANG STEEL,西王特鋼,"1,000"
1268,MEIDONG AUTO,美東汽車,"2,000"
1269,FIRST CAP GP,首控集團,"2,000"
1270,LANGHAM-SS,朗廷—ＳＳ,500
1271,GRAND MING,佳明集團控股,"1,000"
1272,DATANG ENVIRO,大唐環境,"1,000"
1273,HK FINANCE GP,香港信貸,"4,000"
1277,KINETIC M&E,力量能源,"2,000"
1278,CHINANEWTOWN,中國新城鎮,"2,500"
1280,HUIYIN SMARTCOM,匯銀智慧社區,"2,000"
1281,LT SMART ENERGY,隆基泰和智慧能源,"1,000"
1282,CHINA GOLDJOY,中國金洋,"4,000"
1285,JIASHILI GP,嘉士利集團,"1,000"
1288,ABC,農業銀行,"1,000"
1289,SUNLIT SCI,盛力達科技,500
1290,CHINA HUIRONG,中國匯融,"2,000"
1292,CMA LOGISTICS,長安民生物流,"1,000"
1293,GRAND BAOXIN,廣匯寶信,500
1296,GUODIAN TECH,國電科環,"1,000"
1297,SINOSOFT TECH,中國擎天軟件,"1,000"
1298,TECHCOMP,天美（控股）,"1,000"
1299,AIA,友邦保險,200
1300,TRIGIANT,俊知集團,"2,000"
1301,D&G TECH,德基科技控股,"2,000"
1302,LIFETECH SCI,先健科技,"2,000"
1303,HUILI RES,?力資源,"2,000"
1305,WAI CHI HOLD,偉志控股,"1,000"
1308,SITC,海豐國際,"1,000"
1310,HKBN,香港寬頻,500
1312,TONGFANG KONTA,同方康泰,"6,000"
1313,CHINARES CEMENT,華潤水泥控股,"2,000"
1314,TSUI WAH HLDG,翠華控股,"2,000"
1315,VISION FAME,允升國際,"2,000"
1316,NEXTEER,耐世特,"1,000"
1317,MAPLELEAF EDU,楓葉教育,"2,000"
1318,GREENS HOLDINGS,格菱控股,"2,000"
1319,OIWAHPAWN,靄華押業信貸,"8,000"
1321,CHINA NEWCITY,中國新城市,"2,000"
1322,CW GROUP HOLD,創達科技控股,500
1323,NEWTREE GROUP,NEWTREE GROUP,"2,000"
1326,PEGASUS ENT,天馬影視,"8,000"
1327,TIME2U,時間由你,"2,000"
1328,INT'L ELITE,精英國際,"10,000"
1329,CAPITAL GRAND,首創鉅大,"2,000"
1330,DYNAGREEN ENV,綠色動力環保,"1,000"
1332,CHINA TOUYUN,中國透雲,"10,000"
1333,CHINA ZHONGWANG,中國忠旺,400
1335,SHEEN TAI,順泰控股,"2,000"
1336,NCI,新華保險,100
1338,BAWANG GROUP,霸王集團,"2,000"
1339,PICC GROUP,中國人民保險集團,"1,000"
1340,HUISHENG INTL,惠生國際,"4,000"
1341,HAO TIAN INTL,昊天國際建投,"8,000"
1345,PIONEER PHARM,中國先鋒醫藥,"1,000"
1347,HUA HONG SEMI,華虹半導體,"1,000"
1348,QUALI-SMART,滉達富控股,"2,000"
1349,FUDANZHANGJIANG,復旦張江,"1,000"
1353,NUOQI,諾奇,"1,000"
1355,LEGEND STRAT,朸濬國際,"2,000"
1357,MEITU,美圖公司,500
1358,PW MEDTECH,普華和順,"1,000"
1359,CHINA CINDA,中國信達,"1,000"
1360,MEGAEXPO HLDG,MEGAEXPO HLDG,"5,000"
1361,361 DEGREES,３６１度,"1,000"
1362,SIS MOBILE,新龍移動,"4,000"
1363,CTEG,中滔環保,"2,000"
1365,RUNDONG AUTO,潤東汽車,"1,000"
1366,JIANGNAN GP,江南集團,"2,000"
1367,HANBO ENT HLDGS,矬_企業控股,"4,000"
1368,XTEP INT'L,特步國際,500
1369,WUZHOU INT'L,五洲國際,"2,000"
1370,HENGSHIMINING,盚篫q業,"1,000"
1371,CHINA LOTSYN,華彩控股,"20,000"
1372,BISU TECH,比速科技,"2,000"
1373,IH RETAIL,國際家居零售,"1,000"
1375,CC SECURITIES,中州證券,"1,000"
1378,CHINAHONGQIAO,中國宏橋,500
1380,CHI KINGSTONE,中國金石,"20,000"
1381,CANVEST ENV,粵豐環保,"1,000"
1382,PACIFICTEXTILES,互太紡織,"1,000"
1383,SUNCITY GROUP,太陽城集團,"10,000"
1385,SHANGHAI FUDAN,上海復旦,"2,000"
1386,VESTATE GROUP,國投集團控股,"1,000"
1387,RENHE COMM,人和商業,"2,000"
1388,EMBRY HOLDINGS,安莉芳控股,"1,000"
1389,MAJOR HLDGS,美捷?控股,"4,000"
1393,HIDILI INDUSTRY,盚往篞~,"1,000"
1395,ELL ENV,強泰環保,"5,000"
1396,HYDOO INTL,毅德國際,"2,000"
1397,BAGUIO GREEN,碧瑤綠色集團,"4,000"
1398,ICBC,工商銀行,"1,000"
1399,SCUD GROUP,飛毛腿,"2,000"
1400,WANG TAI HLDG,宏太控股,"5,000"
1415,COWELL,高偉電子,"1,000"
1418,SINOMAX GROUP,盛諾集團,"2,000"
1419,HUMAN HEALTH,盈健醫療,"2,000"
1420,CHUAN HOLDING,川控股,"4,000"
1421,KINGBO STRIKE,工蓋有限公司,"5,000"
1428,BRIGHT SMART,耀才證券金融,"2,000"
1430,SUCHUANG GAS,蘇創燃氣,"2,000"
1431,YST DAIRY,原生態牧業,"1,000"
1432,CHINA SHENGMU,中國聖牧,"1,000"
1439,MOBILE INTERNET,移動互聯（中國）,"5,000"
1443,FULUM GP HLDG,富臨集團控股,"2,000"
1446,HUNGFOOKTONG,鴻福堂,"2,000"
1447,SFK,新福港,"2,000"
1448,FU SHOU YUAN,福壽園,"1,000"
1450,CENTURY SAGE,世紀睿科,"2,000"
1452,DENOX ENV,迪諾斯環保,"1,000"
1456,GUOLIAN SEC,國聯證券,500
1458,ZHOU HEI YA,周黑鴨,500
1459,JUJIANG CONS,巨匠建設,"2,000"
1460,ICO GROUP,揚科集團,"4,000"
1461,LUZHENG FUTURES,魯証期貨,"1,000"
1462,GOLD-FIN HLDG,金誠控股,"2,000"
1466,AFFLUENTPARTNER,錢唐控股,"2,000"
1468,UKF,英裘控股,"10,000"
1469,GET NICE FIN,結好金融,"4,000"
1470,TIC TAC INT'L,滴達國際,"4,000"
1476,HENGTOU SEC,琝踼狳,"1,000"
1478,Q TECH,丘鈦科技,"1,000"
1480,YAN TAT GROUP,恩達集團控股,"2,000"
1483,U BANQUET GP,譽宴集團,"2,000"
1486,C CHENG HLDGS,思城控股,"2,000"
1488,BEST FOOD HLDG,百福控股,"2,000"
1492,ZHONGDI DAIRY,中地乳業,"2,000"
1495,JIYIHOUSEHOLD,集一家居,"2,000"
1496,AP RENTALS,亞積邦租賃,"4,000"
1498,PURAPHARM,培力控股,500
1499,LEAP HLDGS GP,前進控股集團,"10,000"
1500,INCON,現恆建築,"5,000"
1508,CHINA RE,中國再保險,"1,000"
1509,HARMONICARE,和美醫療,"1,000"
1513,LIVZON PHARMA,麗珠醫藥,100
1515,CRPHOENIXHEALTH,華潤鳳凰醫療,500
1518,NC HEALTHCARE,新世紀醫療,500
1520,RUNWAY GLOBAL,時尚環球,"6,000"
1522,BII TRANS TECH,京投交通科技,"4,000"
1523,PLOVER BAY TECH,珩灣科技,"8,000"
1526,RICI HEALTH,瑞慈醫療,"1,000"
1527,TENGY ENV,天潔環境,200
1528,RS MACALLINE,紅星美凱龍,200
1530,3SBIO,三生製藥,500
1532,CHINA PARTYTIME,中國派對文化,"3,000"
1533,ZHUANGYUAN PA,莊園牧場,500
1536,YUK WING GP,煜榮集團,"2,000"
1538,ZHONG AO HOME,中奧到家,"2,000"
1539,SYNERGY GROUP,?能集團,"2,000"
1543,JOIN-SHARE,中盈盛達融資擔保,"2,000"
1546,THELLOY DEV,德萊建業,"8,000"
1547,IBI GROUP HLDGS,IBI GROUP HLDGS,"8,000"
1548,GENSCRIPT BIO,金斯瑞生物科技,"2,000"
1549,EVER HARVEST GP,永豐集團控股,"8,000"
1551,GRCB,廣州農商銀行,"1,000"
1552,BHCC HOLDING,BHCC HOLDING,"5,000"
1555,MIE HOLDINGS,ＭＩ能源,"2,000"
1556,CHINNEY KW,建業建榮,"5,000"
1557,K.H. GP HLDGS,劍虹集團控股,"4,000"
1558,HEC PHARM,東陽光藥,200
1559,KWAN ON HLDGS,均安控股,"10,000"
1560,STAR PROPERTIES,星星地產,"2,000"
1561,MANFIELD CHEM,萬輝化工,"4,000"
1565,VIRSCEND EDU,成實外教育,"1,000"
1566,CHINA ANIMATION,華夏動漫,"1,000"
1568,SUNDART HLDGS,承達集團,"2,000"
1569,MINSHENG EDU,民生教育,"2,000"
1570,WEIYE HOLDINGS,偉業控股,"1,000"
1571,XIN POINT HOLD,信邦控股,"1,000"
1572,CHINA ART FIN,中國藝術金融,"4,000"
1573,CH UNIENERGY,中國優質能源,"2,000"
1575,MORRIS HOLD,慕容控股,"2,000"
1577,HUIXIN CREDIT,匯鑫小貸,"2,000"
1578,BANK OF TIANJIN,天津銀行,500
1579,YIHAI INTL,頤海國際,"1,000"
1580,DA SEN HLDGS,大森控股,"5,000"
1581,PROGRESSIVE P,進昇集團控股,"5,000"
1583,QINQIN FOODS,親親食品,"1,000"
1585,YADEA,雅迪控股,"2,000"
1586,CHINA LEON,中國力鴻,"4,000"
1588,CHANJET,暢捷通,200
1589,CNLP,中國物流資產,"1,000"
1591,SHUN WO GROUP,汛和集團,"20,000"
1596,YICHEN IND,翼辰實業,"1,000"
1599,UCD,城建設計,"1,000"
1600,TIAN LUN GAS,天倫燃氣,"1,500"
1606,CDB LEASING,國銀租賃,"2,000"
1608,VPOWER GROUP,偉能集團,"1,000"
1609,CHONG KIN GP,創建集團控股,"10,000"
1610,COFCO MEAT,中糧肉食,"1,000"
1611,PANTRONICS HLDG,桐成控股,"2,000"
1612,VINCENT MED,永勝醫療,"2,000"
1613,SYNERTONE,協同通信,"8,000"
1616,SILVERMAN HL,銀仕來控股,"2,000"
1617,NANFANG COMM,南方通信,"4,000"
1618,MCC,中國中冶,"1,000"
1619,TIANHE CHEM,天合化工,"2,000"
1622,REDCO PPT,力高地產,"2,000"
1623,HILONG,海隆控股,"1,000"
1626,JIA YAO HLDGS,嘉耀控股,"2,000"
1627,ABLE ENG HLDGS,安保工程控股,"4,000"
1628,YUZHOU PPT,禹洲地產,"1,000"
1629,MENGKE HLDGS,盟科控股,"4,000"
1630,KIN SHING HLDGS,建成控股,"6,000"
1631,REF HOLDINGS,REF HOLDINGS,"5,000"
1632,FOODWISE HLDG,膳源控股,"2,000"
1633,SHEUNG YUE GP,上諭集團,"3,000"
1635,DZUG,大眾公用,"1,000"
1636,CMRU,中國金屬利用,"4,000"
1637,SH GROUP HLDG,順興集團控股,"2,000"
1638,KAISA GROUP,佳兆業集團,"1,000"
1639,AKM INDUSTRIAL,安捷利實業,"10,000"
1647,SHIS LTD,SHIS LTD,"5,000"
1649,IMEEI,內蒙古能建,"2,000"
1651,TSUGAMI CHINA,津上機床中國,"1,000"
1655,OKURA HOLDINGS,OKURA HOLDINGS,"5,000"
1656,ISDN HOLDINGS,億仕登控股,"2,000"
1658,PSBC,郵儲銀行,"1,000"
1660,SANROC INT'L,善樂國際,"8,000"
1661,WISDOM SPORTS,智美體育,"1,000"
1662,YEE HOP HLDGS,義合控股,"4,000"
1663,S HARBOURHOLD,漢港控股,"2,000"
1666,TONG REN TANG,同仁堂科技,"1,000"
1667,MILESTONE BUILD,進階發展,"10,000"
1668,CHINASOUTHCITY,華南城,"2,000"
1669,GIC GROUP,環球信貸集團,"2,000"
1673,HUAZHANG TECH,華章科技,"2,000"
1676,C SHENGHAI FOOD,中國升海食品,"4,000"
1678,CREATIVE GLOBAL,中創環球,"2,000"
1679,RISECOMM GP,瑞斯康集團,"2,500"
1680,MACAU LEGEND,澳門勵駿,"1,000"
1681,CONSUN PHARMA,康臣葯業,"1,000"
1682,HIGHLIGHT IOT,高銳中國物聯,"4,000"
1683,ROYAL CHINA INT,皇中國際,"4,000"
1685,BOER POWER,博耳電力,"1,000"
1689,HUAXIHOLDINGS,華禧控股,"2,000"
1693,BGMC,璋利國際,"4,000"
1695,S&P INTL HLDG,椰豐集團,"5,000"
1696,SISRAM MED,SISRAM MED,400
1698,BOSHIWA INT'L,博士蛙國際,"1,000"
1699,PUTIAN FOOD,普甜食品,"4,000"
1700,SPRINGLAND,華地國際控股,"1,000"
1702,DONGGUANG CHEM,東光化工,"4,000"
1707,GEOTECH HLDGS,致浩達控股,"8,000"
1708,SAMPLE TECH,三寶科技,"1,000"
1709,SEASON PACIFIC,雲裳衣,"1,000"
1717,AUSNUTRIA,澳優,"1,000"
1718,WAN KEI GROUP,宏基集團控股,"5,000"
1728,ZHENGTONGAUTO,正通汽車,500
1733,E-COMMODITIES,易大宗,"12,000"
1738,FS ANTHRACITE,飛尚無煙煤,"2,500"
1766,CRRC,中國中車,"1,000"
1771,SUNFONDA GP,新豐泰集團,"1,000"
1776,GF SEC,廣發証券,200
1777,FANTASIA,花樣年控股,"1,500"
1778,COLOUR LIFE,彩生活,"1,000"
1786,CRCCE,鐵建裝備,500
1788,GUOTAI JUNAN I,國泰君安國際,"1,000"
1798,DATANG RENEW,大唐新能源,"1,000"
1799,XINTE ENERGY,新特能源,400
1800,CHINA COMM CONS,中國交通建設,"1,000"
1803,BJ SPORTS & ENT,北京體育文化,"2,500"
1808,ENTERPRISE DEV,企展控股,"2,000"
1811,CGN NEW ENERGY,中廣核新能源,"2,000"
1812,CHENMING PAPER,晨鳴紙業,500
1813,KWG PROPERTY,合景泰富,500
1816,CGN POWER,中廣核電力,"1,000"
1818,ZHAOJIN MINING,招金礦業,500
1819,FUGUINIAO,富貴鳥,600
1822,HONGDA FIN,弘達金融控股,"30,000"
1823,HUAYUEXPRESSWAY,華昱高速,"2,000"
1826,FDB HOLDINGS,豐展控股,"10,000"
1828,DCH HOLDINGS,大昌行集團,"1,000"
1829,CMEC,中國機械工程,"1,000"
1830,PERFECT SHAPE,必瘦站,"4,000"
1831,SHIFANG HLDG,十方控股,"1,000"
1836,STELLA HOLDINGS,九興控股,500
1838,CHINAPROPERTIES,CHINAPROPERTIES,"1,000"
1848,CALC,中國飛機租賃,500
1856,ERNEST BOREL,依波路,"1,000"
1858,CHUNLI MEDICAL,春立醫療,200
1862,JINGRUI HLDGS,景瑞控股,"1,000"
1863,CHI LONGEVITY,中國龍天集團,"1,000"
1866,CHINA XLX FERT,中國心連心化肥,"1,000"
1868,NEO-NEON,同方友友,"2,000"
1878,SOUTHGOBI-S,南戈壁—Ｓ,50
1882,HAITIAN INT'L,海天國際,"1,000"
1883,CITIC TELECOM,中信國際電訊,"1,000"
1884,EPRINT GROUP,ＥＰＲＩＮＴ集團,"4,000"
1885,CH WOOD OPT,中國優材,"4,000"
1886,HUIYUAN JUICE,匯源果汁,500
1888,KB LAMINATES,建滔積層板,500
1889,WUYI PHARMA,武夷藥業,"2,500"
1893,SINOMA,中材股份,"1,000"
1898,CHINA COAL,中煤能源,"1,000"
1899,XINGDA INT'L,興達國際,"1,000"
1900,CHINA ITS,中國智能交通,"1,000"
1908,C&D INTL GROUP,建發國際集團,"4,000"
1910,SAMSONITE,新秀麗,300
1913,PRADA,普拉達,100
1918,SUNAC,融創中國,"1,000"
1919,COSCO SHIP HOLD,中遠海控,500
1928,SANDS CHINA LTD,金沙中國有限公司,400
1929,CHOW TAI FOOK,周大福,200
1932,CPM GROUP,中漆集團,"4,000"
1938,CHU KONG PIPE,珠江鋼管,"1,000"
1958,BAIC MOTOR,北京汽車,500
1962,EVERGREEN PG,訓修實業,"2,000"
1963,BCQ,重慶銀行,500
1966,CHINA SCE PPT,中駿置業,"1,000"
1970,IMAX CHINA,IMAX CHINA,100
1972,SWIREPROPERTIES,太古地產,200
1979,TEN PAO GROUP,天寶集團,"4,000"
1980,TIANGE,天鴿互動,"1,000"
1982,NAMESON HLDGS,南旋控股,"2,000"
1985,MICROWARE,美高域,"2,000"
1986,TSAKER CHEM,彩客化學,500
1988,MINSHENG BANK,民生銀行,500
1989,PINE CARE GP,松齡護老集團,"8,000"
1991,TA YANG GROUP,大洋集團,"2,000"
1993,ASIARAY,雅仕維,500
1998,FLYKE INT'L,飛克國際,"2,000"
1999,MAN WAH HLDGS,敏華控股,400
2000,SIM TECH,晨訊科技,"2,000"
2001,NEW HIGHER EDU,新高教集團,"1,000"
2002,SUNSHINE PAPER,陽光紙業,500
2005,SSY GROUP,石四藥集團,"2,000"
2006,JINJIANG HOTELS,錦江酒店,"2,000"
2007,COUNTRY GARDEN,碧桂園,"1,000"
2008,PHOENIX TV,鳳凰衛視,"2,000"
2009,BBMG,金隅股份,"1,000"
2010,REAL NUTRI,瑞年國際,"1,000"
2011,KEE,KEE,"2,000"
2012,SUNSHINE OIL,陽光油砂,500
2014,OZNER WATER,浩澤淨水,"1,000"
2016,CZBANK,浙商銀行,"1,000"
2017,CHANHIGH,滄海控股,"2,000"
2018,AAC TECH,瑞聲科技,500
2020,ANTA SPORTS,安踏體育,"1,000"
2023,CHINA LUDAO,中國綠島科技,"4,000"
2028,JOLIMARK,映美控股,"2,000"
2030,CABBEEN,卡賓,"1,000"
2031,AUSUPREME,澳至尊,"5,000"
2033,TIME WATCH,時計寶,"2,000"
2038,FIH,富智康集團,"1,000"
2039,CIMC,中集集團,100
2066,SHENGJINGBANK,盛京銀行,500
2068,CHALIECO,中鋁國際,"1,000"
2078,PANASIALUM,榮陽實業,"1,000"
2080,AUX INTL,奧克斯國際,"2,000"
2083,NATURE HOME,大自然家居,"1,000"
2086,HNA TECH INV,海航科技投資,"1,000"
2088,XIWANG PROPERTY,西王置業,"2,000"
2098,ZALL GROUP,卓爾集團,"1,000"
2099,CHINAGOLDINTL,中國黃金國際,100
2100,BAIOO,百奧家庭互動,"2,000"
2111,BEST PACIFIC,超盈國際控股,"2,000"
2112,CAA RESOURCES,優庫資源,"2,000"
2113,CHERISH HLDGS,東盈控股,"5,000"
2118,TIAN SHAN DEV,天山發展控股,"2,000"
2120,KN HOSPITAL,康寧醫院,100
2121,FIRST CHEM,一化控股,"1,000"
2123,GOLDEN SHIELD,金盾控股,"4,000"
2128,CHINA LESSO,中國聯塑,"1,000"
2133,CH POLYMETAL,中國多金屬,"1,000"
2136,LIFESTYLE CHI,利福中國,500
2138,UM HEALTHCARE,香港醫思醫療集團,"1,000"
2166,SMART-CORE,芯智控股,"2,000"
2178,PETRO-KING,百勤油服,"1,000"
2183,SANSHENG HLDG,三盛控股,"2,000"
2186,LUYE PHARMA,綠葉製藥,500
2188,TITANS ENERGY,泰坦能源技術,"2,000"
2193,MAN KING HOLD,萬景控股,"4,000"
2196,FOSUN PHARMA,復星醫藥,500
2198,CHINA SANJIANG,中國三江化工,"1,000"
2199,REGINA MIRACLE,維珍妮,"1,000"
2200,HOSA INT'L,浩沙國際,"2,000"
2202,CHINA VANKE,萬科企業,100
2203,TOP DYNAMIC,泰邦集團,"10,000"
2208,GOLDWIND,金風科技,200
2211,UNI HEALTH,大健康國際,"1,000"
2212,FB MINING,高鵬礦業,"20,000"
2213,YI HUA HLDG,益華控股,"2,000"
2218,ANDRE JUICE,安德利果汁,500
2221,NEW CONCEPTS,創業集團控股,"4,000"
2222,NVC LIGHTING,雷士照明,"1,000"
2223,CASABLANCA,卡撒天嬌,"2,000"
2225,KAKIKO GROUP,KAKIKO GROUP,"5,000"
2226,HONWORLD GP,老琠M釀造,500
2228,CECEP COSTIN,中國節能海東青,"3,000"
2229,CG DUNXIN,長港敦信,"2,000"
2233,WESTCHINACEMENT,西部水泥,"2,000"
2236,WISON ENGRG,惠生工程,"1,000"
2238,GAC GROUP,廣汽集團,"2,000"
2239,SMIT,國微技術,"1,000"
2255,HAICHANG HLDG,海昌海洋公園,"1,000"
2266,LAI SI ENT,黎氏企業,"2,000"
2268,YOUYUAN HLDGS,優源控股,"1,000"
2269,WUXI BIO,藥明生物,500
2277,HUARONG INV,華融投資股份,"5,000"
2278,HAILAN HLDGS,海藍控股,"1,000"
2280,HC INTL,慧聰網,500
2281,XINGLU WATER,興瀘水務,"1,000"
2282,MGM CHINA,美高梅中國,400
2283,TK GROUP HLDG,東江集團控股,"2,000"
2286,CHEN XING,辰興發展,"1,000"
2288,RYKADAN CAPITAL,宏基資本,"1,000"
2289,CHARMACY PHAR,創美藥業,500
2293,BAMBOOSHEALTH,百本醫護,"8,000"
2298,COSMO LADY,都市麗人,"1,000"
2299,BILLION IND,百宏實業,"2,000"
2300,AMVIG HOLDINGS,澳科控股,"2,000"
2302,CNNC INT'L,中核國際,"1,000"
2303,HENGXING GOLD,睊雀尷,"2,000"
2307,KAM HING INT'L,錦興國際控股,"2,000"
2308,EVOC,研祥智能,"4,000"
2309,BIRMINGHAM SPTS,伯明翰體育,"20,000"
2310,FOREBASE INTL,申基國際,"2,000"
2313,SHENZHOU INTL,申洲國際,"1,000"
2314,LEE & MAN PAPER,理文造紙,"1,000"
2317,VEDAN INT'L,味丹國際,"4,000"
2318,PING AN,中國平安,500
2319,MENGNIU DAIRY,蒙牛乳業,"1,000"
2320,HOP FUNG GROUP,合豐集團,"2,000"
2322,NOBLE CENTURY,仁瑞投資,"8,000"
2323,CHINA HKBRIDGE,中國港橋,"2,000"
2326,BEP INT'L HOLD,百靈達國際控股,"10,000"
2327,MEILLEUREHEALTH,美瑞健康國際,"6,000"
2328,PICC P&C,中國財險,"2,000"
2329,GUORUI PPT,國瑞置業,"1,000"
2330,CHINA UPTOWN,中國上城,"4,000"
2331,LI NING,李寧,500
2333,GREATWALL MOTOR,長城汽車,500
2336,HAILIANG INTL,海亮國際,"10,000"
2337,UNITED STRENGTH,眾誠能源,"1,000"
2338,WEICHAI POWER,濰柴動力,"1,000"
2339,BWI INT'L,京西國際,"2,000"
2340,SYNERGIS HOLD,昇捷控股,"4,000"
2341,ECOGREEN,中怡國際,"2,000"
2342,COMBA,京信通信,"2,000"
2343,PACIFIC BASIN,太平洋航運,"1,000"
2345,SHANGHAI PRIME,上海集優,"2,000"
2348,DAWNRAYS PHARMA,東瑞製葯,"1,000"
2349,CH CITY INFRA,中國城市基礎設施,"4,000"
2355,BAOYE GROUP,寶業集團,"2,000"
2356,DAHSING BANKING,大新銀行集團,400
2357,AVICHINA,中航科工,"1,000"
2358,JIU RONG HOLD,久融控股,"10,000"
2362,JINCHUAN INTL,金川國際,"1,000"
2366,SMI CULTURE,星美文化旅遊,"5,000"
2368,EAGLE NICE,鷹美,"2,000"
2369,COOLPAD GROUP,酷派集團,"4,000"
2371,CL EDU FIN,創聯教育金融,"4,000"
2378,PRU,保誠,500
2379,ZHONGTIAN INT'L,中天國際,"5,000"
2380,CHINA POWER,中國電力,"1,000"
2382,SUNNY OPTICAL,舜宇光學科技,"1,000"
2383,TOM GROUP,ＴＯＭ集團,"2,000"
2386,SINOPEC SEG,中石化煉化工程,500
2388,BOC HONG KONG,中銀香港,500
2389,BJ ENT M&H,北控醫療健康,"6,000"
2393,YESTAR HEALTH,巨星醫療控股,"2,500"
2398,GOOD FRIEND,友佳國際,"2,000"
2399,FORDOO,虎都,"1,000"
2468,TRONY SOLAR,創益太陽能,"1,000"
2488,LAUNCH TECH,元征科技,500
2588,BOC AVIATION,中銀航空租賃,100
2600,CHALCO,中國鋁業,"2,000"
2601,CPIC,中國太保,200
2607,SH PHARMA,上海醫藥,100
2608,SUNSHINE 100,陽光１００中國,"1,000"
2611,GTJA,國泰君安,200
2623,ADD NEW ENERGY,愛德新能源,"2,000"
2628,CHINA LIFE,中國人壽,"1,000"
2633,JACOBSON PHARMA,雅各臣科研製藥,"2,000"
2638,HKELECTRIC-SS,港燈—ＳＳ,500
2662,CAMSING INTL,承興國際控股,"2,000"
2663,KPA-BM HLDGS,應力控股,"10,000"
2666,UNI MEDICAL,環球醫療,500
2668,PAK TAK INT'L,百德國際,"10,000"
2669,CHINA OVS PPT,中海物業,"5,000"
2678,TEXHONG TEXTILE,天虹紡織,500
2686,AAG ENERGY,亞美能源,"1,000"
2688,ENN ENERGY,新奧能源,"1,000"
2689,ND PAPER,玖龍紙業,"1,000"
2698,WEIQIAO TEXTILE,魏橋紡織,500
2699,XINMING CHINA,新明中國,"2,000"
2700,GREEN INTL HLDG,格林國際控股,"20,000"
2722,CHONGQING M&E,重慶機電,"2,000"
2727,SH ELECTRIC,上海電氣,"2,000"
2728,YUHUA ENERGY,裕華能源,"4,000"
2738,HUAJIN INTL,華津國際控股,"2,000"
2768,JIAYUAN INTL,佳源國際控股,"2,000"
2777,R&F PROPERTIES,富力地產,400
2788,YORKEY OPTICAL,精熙國際,"2,000"
2789,YUANDA CHINA,遠大中國,"2,000"
2799,CHINA HUARONG,中國華融,"1,000"
2863,GOLDEN FAITH GP,高豐集團控股,"3,000"
2866,COSCO SHIP DEV,中遠海發,"1,000"
2868,BJ CAPITAL LAND,首創置業,"2,000"
2869,GREENTOWN SER,綠城服務,"2,000"
2877,SHINEWAY PHARM,神威藥業,"1,000"
2878,SOLOMON SYSTECH,SOLOMON SYSTECH,"2,000"
2880,DALIAN PORT,大連港,"2,000"
2882,HKRH,香港資源控股,"4,000"
2883,CHINA OILFIELD,中海油田服務,"2,000"
2886,BINHAI INV,濱海投資,"2,000"
2888,STANCHART,渣打集團,50
2889,NRI HOLDINGS,鎳資源國際,"2,000"
2898,LONGRUN TEA,龍潤茶,"10,000"
2899,ZIJIN MINING,紫金礦業,"2,000"
2900,CHAMPION TECH,CHAMPION TECH,100
2901,MEGA MED RTS,美加醫學股權,"10,000"
2999,CH JICHENG-OLD,中國集成控股,500
3300,CHINA GLASS,中國玻璃,"2,000"
3301,RONSHINECHINA,融信中國,500
3303,JUTAL OIL SER,巨濤海洋石油服務,"2,000"
3306,JNBY,江南布衣,500
3308,GOLDEN EAGLE,金鷹商貿集團,"1,000"
3311,CHINA STATE CON,中國建築國際,"2,000"
3313,ARTGO HOLDINGS,雅高控股,"1,000"
3315,GOLDPAC GROUP,金邦達寶嘉,"1,000"
3318,CHINA FLAVORS,中國香精香料,"2,000"
3320,CHINARES PHARMA,華潤醫藥,500
3322,WIN HANVERKY,永嘉集團,"2,000"
3323,CNBM,中國建材,"2,000"
3326,PERFECT GROUP,保發集團,"3,000"
3328,BANKCOMM,交通銀行,"1,000"
3329,BOCOM INTL,交銀國際,"1,000"
3330,LINGBAO GOLD,靈寶黃金,"2,000"
3331,VINDA INT'L,維達國際,"1,000"
3332,SINOLIFE UTD,中生聯合,"2,000"
3333,EVERGRANDE,中國琱j,"1,000"
3335,DBA TELECOM,ＤＢＡ電訊,"4,000"
3336,JU TENG INTL,巨騰國際,"2,000"
3337,ANTON OILFIELD,安東油田服務,"2,000"
3339,LONKING,中國龍工,"1,000"
3344,ADDCHANCE,互益集團,"2,000"
3355,ASMC,先進半導體,"2,000"
3360,FE HORIZON,遠東宏信,"1,000"
3363,ZHENGYE INT'L,正業國際,"2,000"
3366,OCT (ASIA),華僑城（亞洲）,"2,000"
3368,PARKSON GROUP,百盛集團,500
3369,QHD PORT,秦港股份,500
3377,SINO-OCEAN GP,遠洋集團,500
3378,XIAMEN PORT,廈門港務,"2,000"
3380,LOGAN PPT,龍光地產,"2,000"
3382,TIANJINPORT DEV,天津港發展,"2,000"
3383,AGILE GROUP,雅居樂集團,"2,000"
3389,HENGDELI,亨得利,"4,000"
3393,WASION GROUP,威勝集團,"2,000"
3395,PERSTA,PERSTA,"1,000"
3396,LEGENDHOLDING,聯想控股,100
3398,CHINA TING,華鼎控股,"2,000"
3399,YUEYUN TRANS,粵運交通,"1,000"
3600,MODERN DENTAL,現代牙科,"1,000"
3606,FUYAO GLASS,福耀玻璃,400
3608,YONGSHENG MAT,永盛新材料,"2,500"
3618,CQRC BANK,重慶農村商業銀行,"1,000"
3623,C SUCCESS FIN,中國金融發展,"2,000"
3626,HSSP INTL,HSSP INTL,"2,000"
3628,RENHENG ENT,仁盚篞~控股,"4,000"
3633,ZHONGYU GAS,中裕燃氣,"2,000"
3636,POLY CULTURE,保利文化,100
3638,HUABANG FIN,華邦金融,"12,000"
3639,YIDA CHINA,億達中國,"2,000"
3663,XIEZHONG INTL,協眾國際控股,"4,000"
3666,TANSH,國際天食,"2,000"
3669,YONGDA AUTO,永達汽車,500
3678,HOLLY FUTURES,弘業期貨,"1,000"
3683,GREAT HARVEST,榮豐聯合控股,"2,500"
3686,CLIFFORDML,祈福生活服務,"10,000"
3688,TOP SPRING,萊蒙國際,500
3689,KANGHUA HEALTH,康華醫療,200
3698,HUISHANG BANK,徽商銀行,"1,000"
3708,YAT SING HLDG,日成控股,"5,000"
3709,KORADIOR,珂萊蒂爾,"1,000"
3728,CHING LEE,正利控股,"20,000"
3737,ZHONGZHIPHARM,中智藥業,"1,000"
3768,DCWT,滇池水務,"1,000"
3773,NNK,年年卡,"2,000"
3777,C FIBER OPTIC,中國光纖,"2,000"
3778,CHINA WEAVING,中國織材控股,"4,000"
3788,CHINA HANKING,中國罕王,"1,000"
3789,ROYAL DELUXE,御佳控股,"4,000"
3799,DALI FOODS,達利食品,500
3800,GCL-POLY ENERGY,保利協鑫能源,"1,000"
3808,SINOTRUK,中國重汽,500
3813,POU SHENG INT'L,寶勝國際,"1,000"
3816,KFM KINGDOM,ＫＦＭ金德,"4,000"
3818,CHINA DONGXIANG,中國動向,"1,000"
3822,SAM WOO CONS,三和建築集團,"4,000"
3823,TECH PRO,德普科技,"2,000"
3828,MING FAI INT'L,明輝國際,"1,000"
3830,KIDDIELAND,童園國際,"5,000"
3833,XINXIN MINING,新疆新鑫礦業,"1,000"
3836,HARMONY AUTO,和諧汽車,500
3838,CHINA STARCH,中國澱粉,"5,000"
3839,CT ENTERPRISE,正大企業國際,500
3848,WEALTHY WAY,富道集團,"1,000"
3866,BQD,青島銀行,500
3868,QX PAPER,群星紙業,"1,000"
3869,HOSPITAL CORP,弘和仁愛醫療,200
3882,SKYLIGHT HLDG,天彩控股,"1,000"
3883,CHINA AOYUAN,中國奧園,"1,000"
3886,TOWN HEALTH,康健國際醫療,"2,000"
3888,KINGSOFT,金山軟件,"1,000"
3889,GLOBAL SWEET,大成糖業,"2,000"
3893,CROSSTEC,易緯集團,"20,000"
3898,CRRC TIMES ELEC,中車時代電氣,100
3899,CIMC ENRIC,中集安瑞科,"2,000"
3900,GREENTOWN CHINA,綠城中國,500
3903,HANHUA FIN,瀚華金控,"2,000"
3908,CICC,中金公司,400
3918,NAGACORP,金界控股,"2,000"
3933,UNITED LAB,聯邦制藥,"2,000"
3939,WANGUO MINING,萬國國際礦業,"2,000"
3948,YITAI COAL,伊泰煤炭,100
3958,DFZQ,東方證券,400
3963,RONGZHONG FIN,融眾金融,"1,000"
3966,CH BAOFENG INTL,中國寶豐國際,"2,000"
3968,CM BANK,招商銀行,500
3969,CHINA CRSC,中國通號,"1,000"
3983,CHINA BLUECHEM,中海石油化學,"2,000"
3988,BANK OF CHINA,中國銀行,"1,000"
3989,CAPITAL ENV,首創環境,"2,000"
3993,CMOC,洛陽鉬業,"3,000"
3996,CH ENERGY ENG,中國能源建設,"2,000"
3998,BOSIDENG,波司登,"2,000"
3999,DACHAN FOOD,大成食品,"1,000"
4601,BOC 2014 PREF,BOC 2014 PREF,"20,000"
4603,ICBC USDPREF1,ICBC USDPREF1,"10,000"
4604,ICBC EURPREF1,ICBC EURPREF1,"10,000"
4605,BOCOM 15USDPREF,BOCOM 15USDPREF,"10,000"
4606,CCB 15USDPREF,CCB 15USDPREF,"10,000"
4607,CINDA 16USDPREF,CINDA 16USDPREF,"10,000"
4608,HSBNK 16USDPREF,HSBNK 16USDPREF,"10,000"
4609,CMBC 16USDPREF,CMBC 16USDPREF,"10,000"
4610,CZB 17USDPREF,CZB 17USDPREF,"10,000"
4611,BQD 17USDPREF,BQD 17USDPREF,"10,000"
4612,PSBC 17USDPREF,PSBC 17USDPREF,"10,000"
4613,ZZBNK 17USDPREF,ZZBNK 17USDPREF,"10,000"
4614,CMB 17USDPREF,CMB 17USDPREF,"10,000"
6030,CITIC SEC,中信証券,500
6033,TELECOM DIGIT,電訊數碼控股,"1,000"
6038,G & M HLDGS,信越控股,"10,000"
6060,ZA ONLINE,眾安在?,100
6066,CSC,中信建投証券,500
6068,WISDOM EDU INTL,睿見教育,"2,000"
6080,WING CHI HLDGS,榮智控股,"6,000"
6088,FIT HON TENG,FIT HON TENG,"1,000"
6099,CMSC,招商證券,200
6108,NEW RAY MEDIC,新銳醫藥,"8,000"
6113,UTS MARKETING,UTS MARKETING,"2,000"
6116,LA CHAPELLE,拉夏貝爾,200
6118,AUSTAR,奧星生命科技,"1,000"
6122,JIUTAI RCB,九台農商銀行,"1,000"
6123,ON TIME LOG,先達國際物流,"2,000"
6128,EARTHASIA,泛亞國際,"2,000"
6133,VITAL MOBILE,維太移動,"1,000"
6136,KANGDA ENV,康達環保,"1,000"
6138,HARBIN BANK,哈爾濱銀行,"1,000"
6139,JINMAO HOTEL-SS,金茂酒店—ＳＳ,500
6161,TARGET INS,泰加保險,"2,000"
6163,GEMILANG INTL,彭順國際,"2,000"
6166,CHINA VAST,中國宏泰發展,"1,000"
6168,CHINA U-TON,中國優通,"5,000"
6169,YUHUA EDU,宇華教育,"2,000"
6178,EB SECURITIES,光大證券,200
6183,CH GREENFRESH,中國綠寶,"1,000"
6188,BJ DIGITAL,迪信通,500
6189,ADWAY,愛得威建設集團,500
6196,BANKOFZHENGZHOU,鄭州銀行,"1,000"
6198,QINGDAO PORT,青島港,"1,000"
6808,SUNART RETAIL,高鑫零售,500
6816,PROSPER CONS,瑞港建設,"2,000"
6818,CEB BANK,中國光大銀行,"1,000"
6822,KING'S FLAIR,科勁國際,"2,000"
6823,HKT-SS,香港電訊—ＳＳ,"1,000"
6826,HAOHAI BIOTEC,昊海生物科技,100
6828,BG BLUE SKY,北京燃氣藍天,"8,000"
6830,HUAZHONG IN-V,華眾車載,"2,000"
6833,SINCO PHARMA,興科蓉醫藥,"4,000"
6836,TIANYUN INT'L,天韻國際控股,"2,000"
6837,HAITONG SEC,海通證券,400
6838,WINOX,盈利時,"2,000"
6839,YUNNAN WATER,雲南水務,"1,000"
6858,HONMAGOLF,本間高爾夫,500
6863,HUISHAN DAIRY,輝山乳業,"1,000"
6865,FLAT GLASS,福萊特玻璃,"1,000"
6866,ZUOLI M-FIN,佐力小貸,"2,000"
6868,TENFU,天福,"1,000"
6869,YOFC,長飛光纖光纜,500
6878,DIFFER GROUP,鼎豐集團控股,"2,000"
6880,TEMPUS HOLD,騰邦控股,"2,000"
6881,CGS,中國銀河,500
6882,EGL HOLDINGS,東瀛遊,"2,000"
6885,JINMA ENERGY,金馬能源,"1,000"
6886,HTSC,HTSC,200
6888,FREETECH,英達公路再生科技,"1,000"
6889,DYNAM JAPAN,DYNAM JAPAN,200
6893,HINSANG GROUP,衍生集團,"2,000"
6896,GOLDEN THROAT,金嗓子,500
6898,CHINA ALUMCAN,中國鋁罐,"2,000"
6899,OURGAME,聯眾,"1,000"
80737,HOPEWELL INFR-R,合和公路基建—Ｒ,500
84602,ICBC CNHPREF1-R,ICBC CNHPREF1-R,"10,000"
